id,domain,status,purchase_price,renewal_price,attractiveness,demand,length,registrar,created_at,expires_at,status_verified_at
76114ccc-ebfb-40c4-83d8-929253cdef6e,shifts.boston,available,23.49,23.49,medium,low,6,namesilo,,,28/09/2026 09:05
1232b904-ad79-4ca9-905f-5b9b9d17409c,tattered.boston,available,23.49,23.49,high,medium,8,namesilo,,,10/09/2026 06:05
67664164-15b4-428c-a409-a2fbc4fb6c6d,downstair.boston,available,24.98,30.98,medium,low,9,namecheap,,,14/08/2026 17:57
120ac58c-d31a-4ecf-b1a3-e7ac4c9359a2,lvi.boston,premium,47.2,21.24,medium,low,3,namesilo,,,
5f3add14-869e-4d9b-b51c-af097fd40fb6,bent.boston,available,23.49,23.49,medium,low,4,namesilo,,,09/08/2026 14:16
76026c00-e8c5-4eb7-b74c-56da9e2ac974,abyla.boston,available,23.49,23.49,medium,low,5,namesilo,,,16/09/2026 15:53
5e7b7fee-015b-49ca-8c60-109b3303200d,nne.boston,premium,47.2,21.24,high,low,3,namesilo,,,15/09/2026 16:50
5d9f34ee-53c7-43b9-a919-119d571b367f,unbound.boston,available,23.49,23.49,high,low,7,namesilo,,,12/09/2026 02:25
63076d5a-83c9-41c6-8076-5520174e56e6,choking.boston,available,23.49,23.49,medium,low,7,namesilo,,,24/09/2026 14:44
11e4efef-8ff2-4e1a-b572-743d228ec917,carla.boston,available,23.49,23.49,high,low,5,namesilo,,,27/09/2026 07:21
f857843e-9c2f-4565-9e08-956fb6dcfb91,potbelly.boston,available,24.98,30.98,medium,low,8,namecheap,,,22/09/2026 17:43
ca95deff-48a6-4cdd-a22a-bcc09e346b69,before.boston,available,23.49,23.49,high,low,6,namesilo,,,21/09/2026 23:34
fa07f98e-3cf3-483e-94a8-0b91926eda0d,lag.boston,premium,47.2,21.24,high,low,3,namesilo,,,25/09/2026 10:16
38a36349-1fd6-4e29-9276-bdbdff6be579,waving.boston,available,24.5,,high,low,6,unstoppable,,,28/09/2026 15:32
a43824e1-817b-45cb-b7b3-4d29baa01b6a,chiang.boston,available,23.49,23.49,medium,low,6,namesilo,,,25/09/2026 16:34
ad51dee0-3a4a-4537-8c96-cea5a476e4cc,canonic.boston,available,23.49,23.49,medium,low,7,namesilo,,,11/08/2026 17:22
7e810481-4857-4ab7-b437-02dd1c9f6fd6,described.boston,available,23.49,23.49,high,low,9,namesilo,,,24/09/2026 06:37
2b4a6498-35f9-48cb-9f43-18d844e5a189,taylor.boston,premium,50,,high,low,6,name.com,,,
93a49576-d570-4ca7-9649-bc92b96599a7,childbirth.boston,available,23.49,23.49,high,low,10,namesilo,,,12/08/2026 05:00
dd01b1bc-55f9-411b-99d6-a723d4c627eb,downfield.boston,available,23.49,23.49,medium,low,9,namesilo,,,14/08/2026 17:39
a795c047-6660-40c3-85c6-42cb9bade2d3,nor.boston,premium,50,,high,low,3,name.com,,,
4777f60a-c5a8-49dc-98c6-0672ef42dec8,stripy.boston,available,23.49,23.49,medium,low,6,namesilo,,,10/09/2026 22:46
110e8e1e-6686-4c96-8336-72b4ce2608b8,subscribed.boston,available,23.49,23.49,high,low,10,namesilo,,,11/09/2026 00:41
fc474650-764b-47bc-ab7b-9588f1e9406d,birder.boston,available,24.98,30.98,high,low,6,namecheap,,,23/09/2026 20:38
83a3f26a-b694-4454-b26f-51716dbc724f,cheetah.boston,available,23.49,23.49,high,low,7,namesilo,,,17/09/2026 01:33
f014d5b2-34b1-4c00-9812-dde82fc69b87,teatime.boston,available,23.49,23.49,high,low,7,namesilo,,,17/09/2026 15:45
58ed5c63-31c0-4aa7-a4e5-93b534e83a99,broad.boston,available,23.49,23.49,high,low,5,namesilo,,,19/09/2026 06:03
91665e8b-f675-4f2f-aff4-ed79376189cd,mta.boston,premium,44,19.48,high,low,3,dynadot,,,28/09/2026 21:38
44db95b6-da06-4b40-94c7-25601f735550,scotch.boston,available,24.98,30.98,high,low,6,namecheap,,,24/09/2026 21:59
f130a321-cdac-4950-8e23-bf60488f2d07,gladiolus.boston,available,23.49,23.49,high,low,9,namesilo,,,19/08/2026 00:06
2e645614-a831-42ba-ac1f-3ae59e858e8e,amort.boston,available,24.98,30.98,medium,low,5,namecheap,,,
2fcb090f-de4a-4030-8daa-7929e233cbcd,sleek.boston,available,23.49,23.49,high,low,5,namesilo,,,18/08/2026 09:13
8d94ad8e-50a3-44e8-82a2-fc92c170812f,nut.boston,premium,47.2,21.24,high,low,3,namesilo,,,10/09/2026 00:12
b7985e57-164a-4ed5-a0e3-222b0258673c,roy.boston,premium,47.2,21.24,high,low,3,namesilo,,,25/09/2026 12:36
45dc418d-cfcf-4861-b951-9602f2b0ce0c,mcpherson.boston,available,24.98,30.98,high,low,9,namecheap,,,17/09/2026 21:28
331063c1-3a11-47fe-8588-4d5a9ed677aa,luxembourg.boston,available,,,high,high,10,,,,
d5158186-0187-4eca-b755-0ab0f685efa3,demonstrates.boston,available,23.49,23.49,medium,low,12,namesilo,,,20/09/2026 23:55
748ba101-af38-4eaa-bb3e-d2dbe012e8f6,skunk.boston,available,23.49,23.49,high,low,5,namesilo,,,11/08/2026 09:13
a0959ff0-9efd-4c53-ad15-0a7e1853cda3,helena.boston,available,18.88,18.88,high,low,6,spaceship,,,28/09/2026 13:38
8d6c4dcd-b408-4763-aad0-de505028cc4e,amorist.boston,available,23.49,23.49,high,low,7,namesilo,,,18/09/2026 22:43
316abf4a-5275-4b5f-b24f-66d3b5c5375d,spiteful.boston,available,23.49,23.49,medium,low,8,namesilo,,,14/08/2026 04:20
71e58322-c9b0-40b8-8771-5415a5339a30,north.boston,premium,96,21.24,high,low,5,namesilo,,,25/09/2026 23:09
a26e20f0-e1b8-4ca1-910f-beee56a8c9c7,acquittal.boston,available,23.49,23.49,high,low,9,namesilo,,,17/09/2026 02:42
8bc0e679-16ca-4630-b27a-442079c6ff6a,amiens.boston,available,18.2,18.2,medium,low,6,cloudflare,,,29/09/2026 04:12
ed78d506-09bb-4451-9df7-908f2a1ff103,wilsonian.boston,available,23.49,23.49,high,low,9,namesilo,,,13/09/2026 12:02
4c04a1c2-cfbb-4a88-b109-92dc932893e1,clouded.boston,available,23.49,23.49,medium,low,7,namesilo,,,12/08/2026 12:27
6038b1b1-990a-4bfe-8e93-c4738cc71639,holding.boston,available,24.5,23.49,high,low,7,unstoppable,,,29/09/2026 02:03
b53c752f-fbfb-428c-8411-8d41abdee258,schenectady.boston,available,19.48,19.48,medium,low,11,dynadot,,,28/09/2026 12:25
315bf269-194e-4d60-8caf-40b8526370d3,easier.boston,available,23.49,23.49,high,low,6,namesilo,,,27/09/2026 09:58
e7adf107-0af1-4ae6-9747-23761dc890a6,unshakable.boston,available,30.99,30.99,high,low,10,name.com,,,23/09/2026 10:41
ac8062a4-f25a-4c66-9fbc-5c79a1267ee5,inherit.boston,available,18.2,18.2,high,low,7,cloudflare,,,28/09/2026 20:51
ffd85b5e-6a90-4623-9509-3c9f35c895b0,repulse.boston,available,23.49,23.49,high,medium,7,namesilo,,,10/09/2026 12:48
965aacf4-d5f5-4cd1-86b1-d595e4e95a55,organizer.boston,available,24.98,30.98,high,low,9,namecheap,,,20/09/2026 08:45
d08f8560-5289-49d1-a385-a09cb7243851,sombre.boston,available,23.49,23.49,medium,low,6,namesilo,,,10/09/2026 14:02
aafc61c0-122c-42d3-9783-332fe9124b7a,xxix.boston,available,23.49,23.49,medium,low,4,namesilo,,,
8236f318-662b-488b-a9de-d85110c9ea2b,monopoly.boston,available,30.98,,high,low,8,namecheap,,,
8ca65bf8-b72e-41a5-a268-fc95a1c3af2e,slippy.boston,available,23.49,23.49,medium,low,6,namesilo,,,10/09/2026 11:03
24a07dde-f47a-4555-b2d9-12644045448b,abstracted.boston,available,23.49,23.49,medium,low,10,namesilo,,,
8088f75d-e282-4520-bda7-8999cb6d1e8b,notify.boston,available,23.49,23.49,high,low,6,namesilo,,,
3772b224-382f-4905-b12a-ef5c7130ea05,soaring.boston,available,23.49,23.49,high,medium,7,namesilo,,,10/09/2026 12:58
3672c0f9-9db1-4045-9519-f3a7e1474ad8,ssr.boston,premium,47.2,21.24,high,low,3,namesilo,,,25/09/2026 12:03
cbc6b5d0-5f1a-4a8f-841f-6da5e941a2d8,saccharine.boston,available,23.49,23.49,medium,low,10,namesilo,,,12/08/2026 12:48
f54bc114-dc8c-4f8b-9380-8f53194c4f56,splenic.boston,available,23.49,23.49,medium,low,7,namesilo,,,23/08/2026 01:27
b8846d1f-9bf6-4961-8eaf-89ae6a92124b,expense.boston,available,23.49,23.49,high,low,7,namesilo,,,24/09/2026 22:30
64aaabdd-7cf1-48b6-82c1-3c1f61a2566b,dedicate.boston,available,23.49,23.49,high,low,8,namesilo,,,
56895ae7-be2f-40cb-bc15-cfd16e6838ca,projectile.boston,available,23.49,23.49,high,low,10,namesilo,,,09/09/2026 02:59
5c4aff70-bd8b-4080-ab33-ac299b5500ef,sheer.boston,available,23.49,23.49,high,low,5,namesilo,,,22/09/2026 23:12
3a39f68f-d3cf-4286-9d08-4ef9d4e57fa5,trounce.boston,available,23.49,23.49,medium,low,7,namesilo,,,09/08/2026 05:27
f63592ba-2d92-4307-a5ea-17d5cc72bac7,coexisting.boston,available,23.49,23.49,medium,low,10,namesilo,,,12/08/2026 15:32
c6eff220-6042-44fd-a1de-d227fc5bbe34,unexpected.boston,available,23.49,23.49,high,low,10,namesilo,,,28/09/2026 09:44
4348a8eb-89a7-475f-a3ea-36da1c5ccde9,exquisite.boston,available,24.98,30.98,high,low,9,namecheap,,,17/08/2026 18:54
f27bc369-68eb-422d-be96-51ae4c5abe4c,fishing.boston,premium,242,21.24,high,low,7,namesilo,,,27/09/2026 03:59
9cb6234d-90c6-454c-a211-61a023071b29,dickie.boston,available,23.49,23.49,medium,low,6,namesilo,,,14/08/2026 06:30
a8e5c33a-176e-4a69-90bc-c11afcd90386,sufi.boston,available,23.49,23.49,high,low,4,namesilo,,,11/09/2026 01:14
c25d6ab8-f7d0-4034-8bd8-ef265ed5dcbf,unshaved.boston,available,23.49,23.49,medium,low,8,namesilo,,,12/09/2026 19:42
d536b41a-ff93-45d6-878e-7019f29670ee,downer.boston,available,23.49,23.49,medium,low,6,namesilo,,,14/08/2026 02:41
1a50ae4a-5593-44e2-bfec-d6a981b4c5be,lump.boston,available,24.5,,medium,low,4,unstoppable,,,29/09/2026 00:25
6e71b769-3d5b-4d44-92b0-84db7cd82a90,bluetooth.boston,available,30.98,,high,low,9,namecheap,,,
046413e5-939c-4ca1-baac-63e4281bc428,beanbag.boston,available,24.98,30.98,high,low,7,namecheap,,,22/09/2026 20:20
d0187d5c-a3e5-43de-ae71-4475d48667e3,decade.boston,available,24.98,30.98,high,low,6,namecheap,,,21/09/2026 10:56
1afeee15-7744-4b34-9c8a-8b7302c93505,generation.boston,available,23.49,23.49,high,low,10,namesilo,,,24/09/2026 16:15
6c9ab2d2-2c07-450a-866c-340ebf4904b6,applicant.boston,available,23.49,23.49,high,low,9,namesilo,,,19/09/2026 21:53
0b9b60eb-e5e0-4cfe-bd8b-a1ed6ce98eeb,insouciant.boston,available,24.98,30.98,medium,low,10,namecheap,,,11/08/2026 20:34
e7df6d4c-1db3-44cd-b053-a2176b9a060f,dud.boston,premium,50,30.99,high,low,3,name.com,,,14/08/2026 20:55
6438e602-814d-40df-98d8-4b72990ed656,salving.boston,available,23.49,23.49,medium,low,7,namesilo,,,14/08/2026 01:40
dc3ad481-59f2-4cac-a314-8ccc1ed8d670,deathly.boston,available,30.99,30.99,medium,low,7,name.com,,,13/08/2026 19:31
46fa416d-0c8b-4515-b4b0-10b519c0adf9,autumnal.boston,available,23.49,23.49,medium,low,8,namesilo,,,07/08/2026 21:23
816445b2-3773-4bdd-8354-82fd5721ed3d,operator.boston,available,23.49,23.49,high,low,8,namesilo,,,25/09/2026 23:32
d049bf5c-e6a3-480b-b8c8-a0ca849336a3,sure.boston,available,24.98,30.98,high,low,4,namecheap,,,24/09/2026 21:05
66a65688-d510-4b5b-ac66-4471f6c22f2e,yeats.boston,available,18.88,18.88,medium,low,5,spaceship,,,28/09/2026 15:32
acdefe88-3feb-4a7b-b244-c35cb9528cd5,cochran.boston,available,18.2,18.2,medium,low,7,cloudflare,,,27/09/2026 12:38
7abb00b1-4e38-490e-90a8-96fc2b80dab9,gnomish.boston,available,23.49,23.49,medium,low,7,namesilo,,,20/08/2026 15:45
e6978eab-b579-4eb3-852a-641ed4dd73c9,concerning.boston,available,24.98,30.98,high,low,10,namecheap,,,28/09/2026 03:24
2c5ef414-4350-41d6-a09a-9153444f25ef,bicyclist.boston,available,24.98,30.98,high,low,9,namecheap,,,23/09/2026 13:22
8b353e35-7073-41eb-ac44-0058e02f2c92,narrowing.boston,available,23.49,23.49,high,low,9,namesilo,,,12/08/2026 23:00
15f8d4f7-0c5a-472c-b575-48032d0fe40d,taint.boston,available,23.49,23.49,medium,low,5,namesilo,,,24/09/2026 17:39
179dd8e3-53e9-40e6-b265-36d8377946e6,benefic.boston,available,23.49,23.49,medium,low,7,namesilo,,,09/08/2026 14:18
c67e06f6-b5ce-45b9-8dfd-3942c60ce876,statuary.boston,available,24.98,30.98,medium,low,8,namecheap,,,10/09/2026 19:16
aa9b21a2-53d4-44b1-a38e-a222b95c7101,attar.boston,available,24.98,30.98,medium,low,5,namecheap,,,20/09/2026 19:21
cb41e6ca-c6df-416d-9d42-5e166c718e94,ripely.boston,available,23.49,23.49,medium,low,6,namesilo,,,15/09/2026 23:48
e869f7e4-88a4-4e87-bb5f-4454dedb2374,nam.boston,premium,47.2,21.24,high,low,3,namesilo,,,28/09/2026 16:26
f64a66fc-b2d5-41d8-bc19-4411ab5997c9,curtains.boston,premium,83,18.83,medium,low,8,spaceship,,,28/09/2026 23:24
ec9754e8-8504-470f-aeb8-7745afe85800,underclass.boston,available,23.49,23.49,high,low,10,namesilo,,,12/09/2026 07:22
57e66def-1960-4fa6-88be-da6aba54dde4,someway.boston,available,23.49,23.49,medium,low,7,namesilo,,,15/09/2026 06:46
b5d2005a-d670-43a1-9642-4e4aff974ea3,binaural.boston,available,23.49,23.49,medium,low,8,namesilo,,,09/08/2026 18:40
2e691b64-8b75-4615-82f5-d99613cf894e,fugo.boston,available,23.49,23.49,medium,low,4,namesilo,,,21/09/2026 23:09
ef9becb0-945e-4dbb-b324-59cddee0f256,lapse.boston,available,23.49,23.49,high,low,5,namesilo,,,27/09/2026 14:20
bfe71f6a-ecaa-4d9b-8fec-345c4348dac1,stamp.boston,available,23.49,23.49,high,low,5,namesilo,,,23/09/2026 01:04
08882c3a-e0b7-4fa8-8f75-6df35d1f2588,antwerp.boston,available,23.49,23.49,high,low,7,namesilo,,,19/09/2026 15:48
9cc03165-932b-4019-b118-d829405e5669,dissent.boston,available,23.49,23.49,high,low,7,namesilo,,,
327757f7-243d-4408-b911-e5079f630cdc,bessel.boston,available,23.49,23.49,medium,low,6,namesilo,,,23/09/2026 10:26
51ef1bd8-fc61-4c6e-8a1c-312c987521d4,handler.boston,available,23.49,23.49,high,low,7,namesilo,,,19/09/2026 08:51
f3ddb00f-35a6-43fa-bad2-fe34b42428bb,puerile.boston,available,23.49,23.49,medium,low,7,namesilo,,,09/09/2026 05:30
f1f15833-8280-4185-8202-f2d0150d103d,beverage.boston,available,23.49,23.49,high,low,8,namesilo,,,28/09/2026 05:24
964bdac7-732c-4fc4-a591-4e3060b9d607,accomplice.boston,available,24.98,30.98,high,low,10,namecheap,,,16/09/2026 22:50
e2f27c8d-0eff-4a2f-9e63-1b0cb78ae6a1,swingeing.boston,available,23.49,23.49,medium,low,9,namesilo,,,11/09/2026 05:48
599e66be-2163-460a-bdc2-4746ca9489ab,precocious.boston,available,23.49,23.49,high,medium,10,namesilo,,,09/09/2026 01:16
31951e01-c62b-4fcb-81cd-b52901df36f2,terrorism.boston,available,23.49,23.49,medium,low,9,namesilo,,,17/09/2026 04:10
6563c5d1-ce8f-4f10-ac52-4f7fce636aa7,hopefully.boston,available,18.88,18.88,high,low,9,spaceship,,,28/09/2026 15:15
4d7a5e5c-f289-46f5-a87f-9ebc59a21735,candidly.boston,available,23.49,23.49,high,low,8,namesilo,,,14/09/2026 05:06
536ef675-6487-41e1-b398-c847f663216f,trap.boston,available,23.49,23.49,high,low,4,namesilo,,,25/09/2026 15:44
82369861-86fc-4097-bc39-4bd3e3dccdcd,beautician.boston,available,23.49,23.49,high,low,10,namesilo,,,22/09/2026 22:22
6f304a76-3849-4e7f-a6e3-c90f9a178625,stroller.boston,available,24.98,30.98,high,low,8,namecheap,,,18/09/2026 17:04
29fb5d2c-7c5f-41b9-a314-32fd102410fe,pathetic.boston,available,23.49,23.49,medium,low,8,namesilo,,,20/08/2026 23:50
04ae2a18-cb00-4154-ae9c-efcd2c71aec7,debater.boston,available,23.49,23.49,medium,low,7,namesilo,,,20/09/2026 04:45
3287e994-6f09-4ed6-a227-65a7c144ac51,grams.boston,available,23.49,23.49,high,low,5,namesilo,,,18/09/2026 05:03
86db1287-20fb-4c29-a993-5be38c616c6c,benchley.boston,available,23.49,23.49,high,low,8,namesilo,,,23/09/2026 07:39
115df556-4e65-4064-9f16-5c3dfba8bc69,cubist.boston,available,23.49,23.49,high,low,6,namesilo,,,13/08/2026 10:03
4b60320a-cb9a-477d-9f5b-11adccd81556,helping.boston,available,23.49,23.49,high,low,7,namesilo,,,
affbee34-9831-448a-aa0b-0115c973ec7b,johan.boston,available,23.49,23.49,high,low,5,namesilo,,,27/09/2026 18:44
0095c192-708a-4560-8de6-f03c09436efa,bihar.boston,available,24.98,30.98,high,low,5,namecheap,,,23/09/2026 15:31
8fe2b759-dce3-48cf-a1b2-5db750cc25fd,faithfully.boston,available,23.49,23.49,high,low,10,namesilo,,,14/09/2026 11:42
52894b41-7726-4442-90b7-3c72fe82de17,undeclared.boston,available,23.49,23.49,medium,low,10,namesilo,,,12/09/2026 07:06
5557b07c-e483-46e7-ad28-907e65b49a31,drycleaning.boston,premium,96,21.24,high,low,11,namesilo,,,21/09/2026 04:39
cc781484-1eb5-4052-b776-54798995a035,promoted.boston,available,18.88,18.88,medium,low,8,spaceship,,,28/09/2026 08:15
cf8f38e4-d370-4816-a4e2-4cc7c18a7e7d,icf.boston,premium,47.2,21.24,high,low,3,namesilo,,,29/09/2026 03:19
c713c7a5-cab5-4eb7-8a49-d0c3f35b06d2,inanimate.boston,available,23.49,23.49,medium,low,9,namesilo,,,22/08/2026 00:17
43fa314e-2913-476b-bed5-73b0cf1acb7c,thaw.boston,available,24.98,30.98,high,low,4,namecheap,,,24/08/2026 19:45
0784f3f4-3175-4753-9fe8-c11ed7a21699,titivate.boston,available,23.49,23.49,medium,low,8,namesilo,,,10/09/2026 16:59
b2ad2b13-5d2c-4143-b1c8-efb90461c0ab,pea.boston,premium,47.2,21.24,medium,low,3,namesilo,,,28/09/2026 15:03
c02ddfcf-3992-416d-bdb3-8c1b22ca0edd,static.boston,available,23.49,23.49,high,low,6,namesilo,,,16/08/2026 02:42
a8897fab-3229-496b-bc23-565ac8bfee4c,lanky.boston,available,24.98,30.98,medium,low,5,namecheap,,,18/08/2026 20:11
6496b1a9-fa3c-4bad-86f2-246f72db68b8,writing.boston,available,23.49,23.49,high,low,7,namesilo,,,28/09/2026 23:21
6c8ad5a3-62cf-4fd6-9666-fde51566ead1,fatigue.boston,available,23.49,23.49,high,low,7,namesilo,,,25/09/2026 11:36
a2e6c5d0-99c3-4817-b818-386516d1b603,squiggly.boston,available,23.49,23.49,medium,low,8,namesilo,,,10/09/2026 17:43
2a32f6df-71c5-4873-b5c6-eb6c255e0e21,adversity.boston,available,24.98,30.98,high,low,9,namecheap,,,17/09/2026 10:54
2469ab16-65ef-4d21-91f6-07d8dea4b311,yoga.boston,premium,,,high,low,4,,,,28/09/2026 06:53
5fba6e38-1fa5-43b8-b09b-22af222d40e8,develop.boston,available,,,high,low,7,,,,
ceea3641-67b9-4fc5-9eac-460b6312b0da,aleph.boston,available,23.49,23.49,high,low,5,namesilo,,,18/09/2026 05:19
910b2097-305f-46b1-8780-701604dbf493,persistence.boston,available,23.49,23.49,high,low,11,namesilo,,,
57975a70-9ba6-4ded-af56-524e160d52c5,armorial.boston,available,23.49,23.49,medium,low,8,namesilo,,,06/08/2026 20:15
23ddf9c9-e8c2-4548-9c54-79fc6545997f,deserted.boston,available,23.49,23.49,medium,low,8,namesilo,,,
ac85f0ae-39b5-414c-9f99-a81b73152d19,predict.boston,available,23.49,23.49,high,medium,7,namesilo,,,21/09/2026 03:41
4814c297-5ebc-44a5-a359-357b464999b8,briefs.boston,available,23.49,23.49,high,low,6,namesilo,,,29/09/2026 04:18
be10240f-6706-4de9-9fd1-b2ca83114473,primo.boston,available,23.49,23.49,high,low,5,namesilo,,,09/09/2026 02:07
16cf5bdd-792f-47fa-9f82-7792418d4013,unhelpful.boston,available,23.49,23.49,medium,low,9,namesilo,,,12/09/2026 12:26
4c24ee8b-993c-4996-b3dc-86b810a161f1,belfast.boston,available,23.49,23.49,high,low,7,namesilo,,,23/09/2026 04:55
f78ecf7d-c165-4e9c-a708-2faaba9ec08f,arrival.boston,available,23.49,23.49,high,low,7,namesilo,,,20/09/2026 09:13
360b6285-5aca-459c-9e11-74fac0333d01,duodecimal.boston,available,24.98,30.98,medium,low,10,namecheap,,,14/08/2026 21:19
95be760b-770c-4762-bb2d-93957cb1f7df,skywards.boston,available,23.49,23.49,medium,low,8,namesilo,,,10/09/2026 09:51
b3e53c1a-b9e5-4387-a175-538e1ab35b3f,contestant.boston,available,23.49,23.49,medium,low,10,namesilo,,,14/08/2026 12:45
ca5d6cd2-f93e-478e-b1aa-566071b10e26,vengeance.boston,available,24.5,,medium,low,9,unstoppable,,,28/09/2026 11:03
5426e21a-2343-478a-a66a-6868280956ca,unselfish.boston,available,24.98,30.98,high,low,9,namecheap,,,12/09/2026 19:16
8888bfe0-c8b8-4727-8283-e764e8e19f0c,ronald.boston,premium,41.6,18.83,medium,low,6,spaceship,,,28/09/2026 11:51
2b5f93ed-191d-4818-b0ab-e8755de98925,blacktop.boston,available,23.49,23.49,medium,low,8,namesilo,,,24/09/2026 03:24
25a7011e-aa69-4e5d-b00a-64bc63933718,burden.boston,available,23.49,23.49,medium,low,6,namesilo,,,
ce7de57a-0cbf-4ce8-9cca-7118bc1f9792,substantial.boston,available,23.49,23.49,high,low,11,namesilo,,,
f5b02750-ca72-4e34-b916-eaaa5d05c392,vessel.boston,available,18.2,18.2,high,low,6,cloudflare,,,27/09/2026 16:11
fe888abc-8feb-45e6-b4c5-25165cb7af6b,revolutionary.boston,available,18.2,18.2,high,low,13,cloudflare,,,28/09/2026 07:08
bc4a61e5-4a96-4f75-9123-62d377750f48,bevel.boston,available,24.98,30.98,medium,low,5,namecheap,,,23/09/2026 11:58
7a741b84-d432-460a-88dc-6287f93a42c7,parched.boston,available,23.49,23.49,medium,low,7,namesilo,,,
8566d6f1-e985-4d11-997f-b638be50005f,coconut.boston,available,23.49,23.49,high,low,7,namesilo,,,
ced08564-e5cf-41f7-803c-d0eb4f39b89d,blatta.boston,available,23.49,23.49,medium,low,6,namesilo,,,24/09/2026 04:54
10280a3d-228a-482c-9d7f-a42accaf0f90,badaga.boston,available,23.49,23.49,medium,low,6,namesilo,,,21/09/2026 16:58
12ee2d1c-acae-4adc-89d0-cff15b1d6ab1,archie.boston,available,23.49,23.49,high,low,6,namesilo,,,28/09/2026 03:27
465727c4-f919-49aa-b638-297c48c9f5c3,antiseptic.boston,available,23.49,23.49,high,low,10,namesilo,,,22/09/2026 06:54
42da921a-9327-4ee8-87d2-d7b5adc2a20c,tons.boston,available,23.49,23.49,high,low,4,namesilo,,,28/09/2026 15:04
de68624a-8f28-4cde-b61d-013fcd618c46,angle.boston,available,23.49,23.49,high,low,5,namesilo,,,25/09/2026 13:22
0f688f77-5fe2-41e4-8de3-23570c4b0fab,occidental.boston,available,23.49,23.49,high,low,10,namesilo,,,21/08/2026 07:25
7e0ea137-bf91-43d3-a423-0a0294e23d47,transposed.boston,available,24.98,30.98,medium,low,10,namecheap,,,11/09/2026 18:59
980a1d57-2d64-4524-a2d8-9f31a3d6a6ec,alb.boston,premium,47.2,21.24,high,low,3,namesilo,,,18/09/2026 02:20
39284533-2714-404b-bead-ed28e847edcc,paper.boston,premium,47.2,21.24,high,low,5,namesilo,,,
45862a3a-d9f8-4cbd-b125-0ac25e048ae1,minoan.boston,available,23.49,23.49,medium,low,6,namesilo,,,24/08/2026 23:59
341ef89e-c3bc-472c-90e3-bc440652b8bd,forcing.boston,available,23.49,23.49,medium,low,7,namesilo,,,28/09/2026 12:56
a66c312d-c9a1-47da-835c-59d67507ce79,ovarian.boston,available,24.98,30.98,medium,low,7,namecheap,,,04/09/2026 19:55
d9bcf18e-a5a4-416f-9d68-e0e1b5c93b19,lissome.boston,available,23.49,23.49,medium,low,7,namesilo,,,23/08/2026 23:39
c48f1fb5-8ae1-420c-b852-3652845b71f8,afterbirth.boston,available,23.49,23.49,medium,low,10,namesilo,,,17/09/2026 15:34
9cb2f80d-56db-41c0-be85-b9891649c692,airpost.boston,available,24.98,30.98,medium,low,7,namecheap,,,17/09/2026 23:19
64449766-0e17-46f3-ade5-c04b326884b0,cocktail.boston,premium,218.86,20.18,high,low,8,porkbun,,,28/09/2026 07:31
70e5dd83-0a46-4ffa-ad6c-ac17760b5197,exceed.boston,available,23.49,23.49,high,low,6,namesilo,,,11/09/2026 17:21
8b751204-749a-47e0-8349-d88dae777674,albumen.boston,available,30.99,30.99,high,low,7,name.com,,,18/09/2026 03:31
bb2f3351-2818-4976-94f3-d8e6c215c7f0,muffle.boston,available,30.99,30.99,medium,low,6,name.com,,,13/08/2026 16:49
10efad5d-e278-400b-8fcb-cfde53d65b5b,proximo.boston,available,23.49,23.49,medium,low,7,namesilo,,,09/09/2026 04:40
5a3ceae7-8485-45a4-9990-97c9a1ee2689,reckless.boston,available,23.49,23.49,medium,low,8,namesilo,,,18/08/2026 10:33
d00ce9f8-5d35-4372-863a-64e3ea503d53,yourselves.boston,available,23.49,23.49,medium,low,10,namesilo,,,
721fccb8-bdaa-4f8c-a4a5-9faeab26a682,scarce.boston,available,23.49,23.49,medium,low,6,namesilo,,,09/09/2026 22:53
0a7b7cf0-1898-4680-b063-41a3e5f9356e,gates.boston,available,18.88,18.88,high,low,5,spaceship,,,29/09/2026 02:38
ab439d3f-ef3a-418f-b33c-71fa4bb0d583,curling.boston,available,23.49,23.49,high,low,7,namesilo,,,13/08/2026 11:21
c9ba5194-0e31-4473-a4c5-6f3b9bae5299,aerosol.boston,available,24.98,30.98,high,low,7,namecheap,,,17/09/2026 13:15
f63f0df5-3a14-4d22-9c8b-bfb6364403d2,monarchal.boston,available,23.49,23.49,medium,low,9,namesilo,,,25/08/2026 04:07
167837f7-fb88-43ac-8e7c-7d12c5b0fbbf,delphi.boston,available,23.49,23.49,high,low,6,namesilo,,,28/09/2026 09:31
0ac59bc1-2f4c-476f-9e28-2788efda1fbe,bootless.boston,available,23.49,23.49,medium,low,8,namesilo,,,10/08/2026 19:37
6406cb7c-5011-4a5e-badf-886faef4e612,skinny.boston,available,23.49,23.49,high,low,6,namesilo,,,12/08/2026 04:01
8475e411-2237-470f-9c58-cb9f1a3d7127,vaccination.boston,premium,47.2,21.24,high,low,11,namesilo,,,
bf7f0a5b-42b1-490f-b341-091cf2cefc24,bipartisan.boston,available,23.49,23.49,high,low,10,namesilo,,,10/08/2026 04:32
b7a959fc-b533-4df1-995e-7a240f38b16a,ataturk.boston,available,23.49,23.49,high,low,7,namesilo,,,20/09/2026 19:44
4c95bdc3-6f23-47b4-ba14-718c32145b47,consultive.boston,available,23.49,23.49,medium,low,10,namesilo,,,
39a7683a-32b0-4ce3-b0dc-30a00792f815,knot.boston,premium,87.86,20.18,high,low,4,porkbun,,,28/09/2026 19:37
0b35e854-4c18-41b1-8e7b-74fb0beefc92,ungummed.boston,available,23.49,23.49,medium,low,8,namesilo,,,12/09/2026 11:43
a8372156-cf48-413d-ad7d-0379fd4dc017,send.boston,available,30.98,,high,low,4,namecheap,,,
3c2b4371-e157-4dd5-8c83-3e70c26b1929,birken.boston,available,23.49,23.49,medium,low,6,namesilo,,,10/08/2026 06:03
a2450f13-39e5-4532-b1f4-41dc325d57c3,conical.boston,available,24.98,30.98,high,low,7,namecheap,,,12/08/2026 20:41
f5b75c5a-5e71-4ec0-b70d-1d72ebca91dd,infield.boston,available,23.49,23.49,high,low,7,namesilo,,,22/09/2026 10:07
37ce0291-2209-4359-b323-9b7796f60de7,palm.boston,available,23.49,23.49,high,low,4,namesilo,,,
177e86de-8b08-4cc3-bea9-5d564844313a,incisively.boston,available,23.49,23.49,medium,low,10,namesilo,,,15/09/2026 07:42
db5e3fc7-7cd0-4b91-9204-18db9e283b92,flesh.boston,available,23.49,23.49,high,low,5,namesilo,,,25/09/2026 21:58
65068dc5-17d6-4d15-9c5a-e606d4344552,repeat.boston,available,24.98,30.98,high,low,6,namecheap,,,24/09/2026 12:27
474555ae-ca8b-47a2-939c-54c6ba85644f,prosperity.boston,available,18.88,18.88,high,low,10,spaceship,,,29/09/2026 01:54
b791bd85-2752-427d-b6d6-dc031099272f,unsent.boston,available,24.98,30.98,medium,low,6,namecheap,,,12/09/2026 19:18
992e6c00-0bac-4731-92f0-2f3037985a65,curiously.boston,available,18.2,18.2,medium,low,9,cloudflare,,,28/09/2026 14:28
016e6ece-342b-479b-a480-41df571e63c3,contented.boston,available,23.49,23.49,high,low,9,namesilo,,,23/09/2026 21:58
aac61807-cf75-425d-be32-4be412db3e9f,choices.boston,premium,96,21.24,high,low,7,namesilo,,,17/09/2026 06:36
b0233c7f-03fc-49cb-81c6-9cb21937a048,enate.boston,available,24.98,30.98,medium,low,5,namecheap,,,16/08/2026 21:18
d1580389-b628-45d1-92dc-ae0c0785f421,bunny.boston,available,23.49,23.49,high,low,5,namesilo,,,
178b76d4-1adb-4b91-b85f-a828c688bcd7,scalic.boston,available,23.49,23.49,medium,low,6,namesilo,,,09/09/2026 22:27
bea63085-ef39-4fe3-a4ef-503db5ae39cf,addend.boston,available,23.49,23.49,medium,low,6,namesilo,,,17/09/2026 06:41
f7049fff-a4fa-4d50-b94f-b451c2940500,rushed.boston,available,18.88,18.88,high,low,6,spaceship,,,27/09/2026 17:29
e84d153d-2265-4a2f-b67b-962c8916bfb1,antic.boston,available,23.49,23.49,high,low,5,namesilo,,,
88e15a57-3988-4cc5-af99-f36af6d3be8e,iconic.boston,available,23.49,23.49,high,medium,6,namesilo,,,25/09/2026 07:12
f1382ea3-f14b-4ee1-a8fe-b6b404d06b40,chalkboard.boston,available,23.49,23.49,high,low,10,namesilo,,,24/09/2026 02:10
7b3c608f-0562-4c4b-b81f-30acd7d61393,sherwood.boston,available,24.98,30.98,high,low,8,namecheap,,,25/09/2026 10:26
4788c561-fa2e-42e5-b4bf-68b09be200fc,chorus.boston,premium,47.2,21.24,high,low,6,namesilo,,,
230e9f87-c6bd-438c-ae6f-0b5b9d65becd,intestate.boston,available,23.49,23.49,medium,low,9,namesilo,,,22/08/2026 08:24
897bec5a-b368-4ffa-885d-ab585c9ebc08,extreme.boston,available,23.49,23.49,high,low,7,namesilo,,,04/09/2026 04:46
72243993-fe53-42fe-9c7e-5f8b5fc7490f,donation.boston,available,23.49,23.49,high,low,8,namesilo,,,
31506fef-55e2-4764-9ebe-9416fe9a370f,embarrassing.boston,available,23.49,23.49,high,low,12,namesilo,,,27/09/2026 06:37
f53ce727-9ebc-4852-9d1f-cafb9703acf4,kinda.boston,available,18.88,18.88,high,low,5,spaceship,,,28/09/2026 16:02
b9b332fd-26f3-40a9-869a-f17c9c39a1eb,distress.boston,available,23.49,23.49,high,low,8,namesilo,,,
6ee24569-d68e-420e-af66-01098725bae1,quantized.boston,available,23.49,23.49,medium,low,9,namesilo,,,09/09/2026 07:30
54f0ff5c-2b97-442b-a155-3ac75c46d0ed,scatty.boston,available,23.49,23.49,medium,low,6,namesilo,,,
b6ff4699-33c9-450a-bfdf-3fa4cb96f9cd,spinal.boston,available,23.49,23.49,high,medium,6,namesilo,,,10/09/2026 15:38
ad76228e-17b9-4b64-95ad-a3e16f34b85e,arda.boston,available,23.49,23.49,high,low,4,namesilo,,,17/09/2026 10:27
66d4d898-1c80-49b2-a968-8cf11356eea4,engels.boston,available,23.49,23.49,medium,low,6,namesilo,,,28/09/2026 14:01
95eead21-3833-42f5-b3c3-29e6eeb63c6b,xiv.boston,premium,47.2,21.24,high,low,3,namesilo,,,21/09/2026 11:42
d1fb4b3d-ff54-4910-afdf-da300f2402d2,dubstep.boston,available,23.49,23.49,high,low,7,namesilo,,,
f958b414-c36c-45e9-aecd-0d9ec1e82ffe,amperage.boston,available,24.98,30.98,medium,low,8,namecheap,,,18/09/2026 23:07
a1cda1d5-b4bc-4258-95b8-7c9a95f91cee,newcomer.boston,available,23.49,23.49,high,low,8,namesilo,,,18/08/2026 07:31
1c5a6597-3cd6-4c5c-a385-51b018caacb6,abaxial.boston,available,23.49,23.49,medium,low,7,namesilo,,,
eba19620-0a39-4015-b820-a431a526fd8c,cowardice.boston,available,24.98,30.98,medium,low,9,namecheap,,,24/09/2026 18:57
5f4f2a89-511d-4d0a-bcad-604dc740df79,edgy.boston,available,23.49,23.49,high,low,4,namesilo,,,15/08/2026 08:39
df22a774-0f97-46d9-a6b2-e2e572939c89,magenta.boston,available,23.49,23.49,high,low,7,namesilo,,,24/08/2026 12:57
c80f1958-d5c8-4ef8-a155-3642bb459dc7,inbound.boston,available,23.49,23.49,high,low,7,namesilo,,,22/08/2026 00:41
c2ab6f52-9002-421b-b673-e952400254e6,asafoetida.boston,available,23.49,23.49,medium,low,10,namesilo,,,20/09/2026 12:43
7eb286f8-1bb5-4f22-8a99-74c5684f6de9,utica.boston,available,23.49,23.49,high,low,5,namesilo,,,27/09/2026 16:08
89c309b3-07ba-4dd1-b46c-06f5bd00c411,depleted.boston,available,23.49,23.49,medium,low,8,namesilo,,,14/08/2026 02:23
25776880-334a-4601-b1dc-d9e23dbbfdba,manager.boston,premium,96,21.24,high,low,7,namesilo,,,24/09/2026 16:11
09c3d1f4-47fc-42ee-8337-c9d3ef6e957a,der.boston,premium,40.5,,medium,low,3,unstoppable,,,28/09/2026 20:56
1d268216-2122-4e19-b60a-0599c6456e22,backbeat.boston,available,23.49,23.49,high,low,8,namesilo,,,21/09/2026 14:59
6f0677fe-ce1a-4ae3-a0a7-115f48ff9c82,unuttered.boston,available,23.49,23.49,medium,low,9,namesilo,,,12/09/2026 09:47
28129e46-ff35-4509-8d2f-94d6154db3f9,xxxiii.boston,available,23.49,23.49,medium,low,6,namesilo,,,
de4212dc-245e-46ac-a6b2-6159435b10a9,kleist.boston,available,23.49,23.49,medium,low,6,namesilo,,,23/09/2026 09:54
14d34548-909f-4080-a4c7-16ee89f52f48,shrine.boston,available,18.88,18.88,high,low,6,spaceship,,,28/09/2026 10:54
0a731add-2a32-437f-88a2-4d16039e6c5b,westwood.boston,available,23.49,23.49,high,low,8,namesilo,,,
44f1f55d-7311-4d76-9931-b84270823b55,hypothetical.boston,available,23.49,23.49,medium,low,12,namesilo,,,29/09/2026 02:54
4341062a-f47d-43b6-908d-bde18121635f,blades.boston,available,30.98,,high,low,6,namecheap,,,
8ee56001-89d8-4810-9b13-f4b4a2ab2718,intangible.boston,available,24.98,30.98,high,low,10,namecheap,,,21/08/2026 21:42
4fb199ab-2f04-40cf-a011-679171ebc9da,worth.boston,available,18.88,18.88,high,low,5,spaceship,,,28/09/2026 11:03
9d8fd162-185f-4aaa-a72e-b585768b6364,personal.boston,premium,47.2,21.24,high,low,8,namesilo,,,28/09/2026 12:58
5eae7296-674c-49f5-b413-891ab9e7f694,teamwork.boston,premium,50,,high,low,8,name.com,,,
d4299b36-a97d-43a0-84c0-5c821eee40a7,bluewing.boston,available,23.49,23.49,medium,low,8,namesilo,,,19/09/2026 02:57
86f7bcbe-1eff-48af-bc69-e6165a2b8a23,goddess.boston,available,23.49,23.49,high,low,7,namesilo,,,27/09/2026 13:50
9960a0e9-e34b-4db9-b5cd-ed60bf9d7fcd,enable.boston,available,23.49,23.49,high,low,6,namesilo,,,
21a9f8ab-2499-4c8a-a780-27c0a4c32066,indicative.boston,available,24.98,30.98,medium,low,10,namecheap,,,13/08/2026 21:42
c67200fa-456a-41e7-9f93-c1813f241e18,controlled.boston,available,23.49,23.49,high,low,10,namesilo,,,23/09/2026 22:39
28774f0d-e680-4ba8-acb5-7455dfc967a3,unseen.boston,available,23.49,23.49,high,low,6,namesilo,,,12/09/2026 16:05
6dbcc07a-d8ec-4775-92ab-b03cb196f322,snitcher.boston,available,23.49,23.49,medium,low,8,namesilo,,,19/09/2026 14:14
ce1ac15c-d95d-4e64-9b70-0c8cad0e9812,explosions.boston,available,23.49,23.49,low,low,10,namesilo,,,28/09/2026 23:40
da024504-b39f-4a61-b327-19c669da8b38,taxa.boston,available,23.49,23.49,medium,low,4,namesilo,,,25/09/2026 17:29
c0f7c701-5a37-462d-897d-36894184afc2,bright.boston,premium,47.2,21.24,high,medium,6,namesilo,,,23/09/2026 09:27
c304e38a-1a77-4496-9a46-06e764fafa4f,erik.boston,available,23.49,23.49,high,low,4,namesilo,,,25/09/2026 14:19
7fdf1836-b2c4-4703-b2be-fc0c49d9822e,kruger.boston,available,18.2,18.2,medium,low,6,cloudflare,,,29/09/2026 01:31
b5d258ea-50e0-41b7-a637-d3e02329e8ae,reclusive.boston,available,23.49,23.49,medium,low,9,namesilo,,,09/09/2026 11:40
f96a514c-b066-4c38-9ee4-8dc95627d5d1,address.boston,premium,44,19.48,high,low,7,dynadot,,,28/09/2026 06:48
43a8f272-e52d-43da-b191-17f3a3ca4ddc,noxious.boston,available,23.49,23.49,medium,low,7,namesilo,,,03/09/2026 22:21
9fb0d83e-a6a6-438a-91f0-f5b6255d46cb,homologous.boston,available,23.49,23.49,medium,low,10,namesilo,,,21/08/2026 12:58
51d98395-7c18-49a7-af3f-7e879fb77535,disgraced.boston,available,23.49,23.49,medium,low,9,namesilo,,,14/08/2026 10:21
49de88e1-7ae4-4437-969e-25f01167c8f8,romani.boston,available,23.49,23.49,high,low,6,namesilo,,,10/08/2026 17:29
a2bc4959-fd21-4dbf-8952-fa1bccebfe5b,sullen.boston,available,23.49,23.49,medium,low,6,namesilo,,,20/08/2026 15:06
67af63aa-7961-41e1-9185-db32d7452756,glycogen.boston,available,23.49,23.49,medium,low,8,namesilo,,,19/09/2026 08:46
07f1e3ba-dbed-4fe2-9c3d-e14e2af6e194,sympathetic.boston,available,23.49,23.49,high,low,11,namesilo,,,
9caafe32-4f98-48b1-adb1-7d93767eddb2,ratty.boston,available,23.49,23.49,medium,low,5,namesilo,,,25/08/2026 06:53
77bd9d63-31ee-47be-a1b8-d1b31a27ea33,stoneless.boston,available,24.98,30.98,low,low,9,namecheap,,,10/09/2026 21:12
90597993-4451-4094-aef3-756770b81261,pitiful.boston,available,23.49,23.49,medium,low,7,namesilo,,,14/08/2026 02:27
42068ea5-6cd6-40c9-9436-ba34c6ba5a30,nodded.boston,available,23.49,23.49,medium,low,6,namesilo,,,18/09/2026 03:34
b4e16da6-5032-428c-86fc-3252d12a3354,probation.boston,available,24.5,,medium,low,9,unstoppable,,,28/09/2026 10:46
85e34008-9c6f-4460-a039-6fd637f3b926,amelia.boston,premium,52,23.4,high,low,6,namecheap,,,18/09/2026 18:15
ab014a1e-4a9b-40b1-a0ca-6bb1b75017f4,potbound.boston,available,23.49,23.49,medium,low,8,namesilo,,,09/09/2026 00:44
72eddac9-eba2-4335-b778-14e6d0ed2807,cometic.boston,available,24.98,30.98,medium,low,7,namecheap,,,12/08/2026 18:58
d6a22014-2034-4058-85a2-f9cb47550724,period.boston,available,23.49,23.49,high,low,6,namesilo,,,27/09/2026 06:36
cd8e22e7-6da3-4017-bf14-0a539bc27aa5,dorsal.boston,available,23.49,23.49,high,low,6,namesilo,,,
b62d420d-e531-4ad5-92b3-60bc56547486,crosses.boston,available,24.5,,medium,low,7,unstoppable,,,28/09/2026 17:44
db574da5-8e3e-44a8-b4e8-100411ad6719,dulles.boston,available,18.2,18.2,medium,low,6,cloudflare,,,28/09/2026 13:55
5b1f3d8c-fc4d-4d87-ade6-70a22f4ba5a4,trivial.boston,available,24.98,30.98,high,low,7,namecheap,,,24/09/2026 17:54
e3be9105-bd2a-4d24-99d4-fcaa85da33ae,castle.boston,premium,47.2,21.24,high,low,6,namesilo,,,25/09/2026 04:06
2e8d7a6c-e19a-40eb-bcdd-b902af15ae89,erect.boston,available,23.49,23.49,high,low,5,namesilo,,,17/08/2026 12:04
13641076-1aae-4af8-b556-0d689107c017,strongest.boston,available,18.88,18.88,medium,low,9,spaceship,,,28/09/2026 12:52
1e5e206e-c38f-442f-876a-5e2b47285405,arbutus.boston,available,23.49,23.49,medium,low,7,namesilo,,,20/09/2026 01:01
279efe84-d49c-40bf-98bb-8686d5f63f9b,approximately.boston,available,23.49,23.49,medium,low,13,namesilo,,,27/09/2026 08:28
a643dbc7-56d9-4912-8094-886f4783fb63,banded.boston,available,23.49,23.49,medium,low,6,namesilo,,,08/08/2026 11:40
d36b1670-aeb2-4fa1-8c6b-06b6349556a4,mendoza.boston,available,23.49,23.49,high,low,7,namesilo,,,27/09/2026 07:53
f328e5c5-a314-4e94-94e3-0439269b46ba,interviewed.boston,available,18.2,18.2,low,low,11,cloudflare,,,28/09/2026 18:11
76c31247-5309-48d5-b5b8-a1c4f1a85c3a,piecemeal.boston,available,23.49,23.49,high,low,9,namesilo,,,10/08/2026 07:07
dd61d53b-0e26-4b65-aef0-194e1e6a5949,annoyed.boston,available,24.98,30.98,medium,low,7,namecheap,,,22/09/2026 05:18
6721c29a-57e1-4c70-91bf-1352917626e2,geocentric.boston,available,23.49,23.49,medium,low,10,namesilo,,,18/08/2026 22:16
450dff50-b3d1-4e85-9b78-556ab5550e30,requesting.boston,available,23.49,23.49,medium,low,10,namesilo,,,16/09/2026 07:09
76141563-dde1-4816-8c34-d9cbfe625acb,irb.boston,premium,44,19.48,medium,low,3,dynadot,,,29/09/2026 03:06
5085f794-a6cb-4d81-b173-495b088009c6,maldon.boston,available,24.98,30.98,medium,low,6,namecheap,,,22/09/2026 15:25
bbc055f2-c116-4a23-8f43-e3951b2bc8a8,dogmatism.boston,available,23.49,23.49,medium,low,9,namesilo,,,23/09/2026 15:23
45a62446-88f8-4702-b93d-586d4b3f4644,jokingly.boston,available,23.49,23.49,medium,low,8,namesilo,,,14/09/2026 17:23
f533924a-f91d-4373-a147-0240d273f8ae,tap.boston,premium,47.2,21.24,high,medium,3,namesilo,,,27/09/2026 03:03
389d8823-55c5-4300-9ab0-cd0f5c925745,griffith.boston,available,23.49,23.49,medium,low,8,namesilo,,,25/09/2026 04:33
d30cb5db-9918-4ca2-929b-88b1cd60bf99,aerate.boston,available,24.98,30.98,high,low,6,namecheap,,,17/09/2026 21:35
f27a0d93-b520-4d45-ab9b-22e0c8befd68,pat.boston,premium,47.2,21.24,high,low,3,namesilo,,,27/09/2026 03:00
a822c343-f0d3-4b66-aa13-de4766f736b8,slay.boston,available,23.49,23.49,medium,low,4,namesilo,,,04/09/2026 00:55
c7020005-3ffe-460e-b0d6-e38ed83f0f8a,forgetful.boston,available,23.49,23.49,medium,low,9,namesilo,,,18/08/2026 11:56
aac7af1e-53b2-40eb-a710-b499674a8e08,rockwell.boston,available,23.49,23.49,high,low,8,namesilo,,,27/09/2026 04:54
575e6ae5-17ce-4435-a327-41cca0a2fa2b,aroid.boston,available,23.49,23.49,medium,low,5,namesilo,,,06/08/2026 11:30
5e3c4639-ce67-42bc-8cc6-759fc165c0fd,versus.boston,available,18.88,18.88,high,low,6,spaceship,,,27/09/2026 17:11
e6bfb0a4-6d51-4889-b16f-d2c5c054f398,eventually.boston,available,23.49,23.49,high,low,10,namesilo,,,14/09/2026 16:32
ec532709-0e1b-48df-943b-f11e6464ebe6,sneaky.boston,available,24.98,30.98,high,low,6,namecheap,,,18/08/2026 18:58
f6e5df78-67fd-4238-9b01-21c7de1733ec,shipping.boston,premium,88,19.48,high,low,8,dynadot,,,28/09/2026 08:55
1df8f9c1-3aee-4d63-830e-8dc529de9295,remnant.boston,available,23.49,23.49,high,low,7,namesilo,,,22/08/2026 22:50
82e0f829-ef74-48ae-9ce1-4b78a653d491,proponent.boston,available,24.98,30.98,high,low,9,namecheap,,,17/09/2026 11:45
380a4a7f-335a-4528-9025-d5be7d1682ef,propellent.boston,available,23.49,23.49,medium,low,10,namesilo,,,09/09/2026 03:28
690a5d23-282f-4628-a7f6-28bd2169c929,belem.boston,available,24.98,30.98,medium,low,5,namecheap,,,23/09/2026 04:51
f3d6e44e-a0c6-4edc-9a1c-2a60ae301025,baghdad.boston,available,23.49,23.49,medium,low,7,namesilo,,,29/09/2026 00:27
65bc0921-b760-4cde-8b43-4d7b7e22911d,assigned.boston,available,23.49,23.49,medium,low,8,namesilo,,,07/08/2026 06:35
c89e20ef-f32b-4c63-a728-1c08a385ba0e,lusty.boston,available,24.98,30.98,high,low,5,namecheap,,,12/08/2026 20:20
7b16c60f-39fe-494a-818b-9e0c689d9bd9,awkwardly.boston,available,23.49,23.49,medium,low,9,namesilo,,,13/09/2026 22:55
98ec7cad-55c0-403b-8097-01944a24aeab,erotically.boston,available,23.49,23.49,medium,low,10,namesilo,,,14/09/2026 15:58
ec1b8d5e-f66d-464d-88fa-b2918189166a,sun.boston,premium,96,21.24,high,medium,3,namesilo,,,
f49c97d8-b62e-4da3-8145-50bef823a24d,iceberg.boston,available,23.49,23.49,high,low,7,namesilo,,,23/09/2026 09:15
e39132f4-23a5-4e38-bf6b-0e507b142e04,parous.boston,available,23.49,23.49,medium,low,6,namesilo,,,08/09/2026 01:52
73d971aa-ce6c-4687-8954-f186491496fc,pro.boston,resell,,,high,medium,3,"GoDaddy.com, LLC",27/07/2022 19:24,27/07/2027 19:24,26/09/2026 08:20
611adb18-abf2-4928-b39e-31fb68e96834,stack.boston,available,23.49,23.49,high,medium,5,namesilo,,,25/08/2026 00:45
fe62f330-bb9e-465f-aea7-5c1c56cd7d05,advocacy.boston,available,24.98,30.98,high,low,8,namecheap,,,17/09/2026 11:40
62870526-94c6-4caa-8bf5-db0a18e2b90c,battle.boston,available,23.49,23.49,high,low,6,namesilo,,,22/09/2026 14:39
b7354f10-caaf-4ff0-a8c2-b7a73881e037,kgb.boston,premium,47.2,21.24,high,low,3,namesilo,,,
e359cb9d-17cf-47fb-af28-298356d07948,accolade.boston,available,23.49,23.49,high,low,8,namesilo,,,16/09/2026 22:45
81da69f9-67fa-43fb-aa3e-2f577fadfa94,ahriman.boston,available,23.49,23.49,medium,low,7,namesilo,,,17/09/2026 20:33
b2c12a00-9a5b-4526-babd-638616f14715,bowelless.boston,available,23.49,23.49,high,medium,9,namesilo,,,10/08/2026 23:08
b7575c44-e1bb-4a96-8784-c1fc26c697b7,london.boston,premium,50,,high,medium,6,name.com,,,
f02fab9f-ddde-4c4a-8509-c8b8bfee1ccc,baths.boston,premium,41.6,18.83,high,low,5,spaceship,,,28/09/2026 23:22
80676995-8acf-4825-87ac-edf8e5a3e2e7,maledict.boston,available,23.49,23.49,medium,low,8,namesilo,,,
2db3c72b-8b4a-43d6-8777-2e7dd3929274,buddy.boston,available,23.49,23.49,high,low,5,namesilo,,,
f843b7ac-0d05-443a-84c6-9a5bac63c15a,your.boston,premium,242,21.24,high,medium,4,namesilo,,,
8fd91ac6-48bc-42e6-9720-48d9ed30261d,folk.boston,available,23.49,23.49,high,low,4,namesilo,,,24/09/2026 16:32
f687d9b4-398c-4b99-8cb5-9ec8f224c7c0,unbooked.boston,available,23.49,23.49,high,low,8,namesilo,,,12/09/2026 02:19
5c041f46-1246-4198-8db2-11b79750ac4b,fitly.boston,available,23.49,23.49,medium,low,5,namesilo,,,13/09/2026 20:33
6b077425-e824-4724-8c2a-3651a3ef18c4,competence.boston,available,23.49,23.49,high,low,10,namesilo,,,24/09/2026 16:46
52a3e43f-80fe-43c5-90fb-b12f55042b9d,alluvion.boston,available,23.49,23.49,medium,low,8,namesilo,,,18/09/2026 12:21
81968716-6dad-4c33-9290-b9a937564f08,whacky.boston,available,23.49,23.49,medium,low,6,namesilo,,,06/08/2026 21:32
84079d13-51ef-4b7c-9887-3d3dd8630696,doomed.boston,available,23.49,23.49,medium,low,6,namesilo,,,14/08/2026 15:57
bec8ec6d-0bb0-4b28-9614-c3cd492a4626,faces.boston,available,23.49,23.49,medium,low,5,namesilo,,,
03438f91-dd68-4b93-a23b-713fc3fcec48,stria.boston,available,23.49,23.49,medium,low,5,namesilo,,,22/09/2026 01:18
7769ac3c-8398-4299-a183-dbde9ebc8581,statute.boston,available,24.98,30.98,high,low,7,namecheap,,,10/09/2026 19:18
896afdc0-fb5f-4d76-9297-f5793fdacb50,freddy.boston,available,18.2,18.2,high,low,6,cloudflare,,,28/09/2026 07:49
24c86f16-73c7-4251-ad7a-24d12a22afd4,modestly.boston,available,23.49,23.49,medium,low,8,namesilo,,,15/09/2026 15:13
de9890b4-8afe-4bfe-906c-2f71cbba8683,immunized.boston,available,24.98,30.98,medium,low,9,namecheap,,,21/08/2026 21:30
7a1f0665-3bed-4d71-8681-b8a5657e7cb5,alibi.boston,available,23.49,23.49,high,low,5,namesilo,,,18/09/2026 07:24
4d66a38d-38dc-437d-ae5c-de617432dc43,specializing.boston,available,23.49,23.49,medium,low,12,namesilo,,,20/09/2026 06:01
d53e22e1-8498-4e20-a89e-0023aa9e8625,drearily.boston,available,23.49,23.49,medium,low,8,namesilo,,,14/09/2026 13:12
63ba1c18-353d-4c1d-aa46-4301ae0a1b8f,widget.boston,available,23.49,23.49,high,low,6,namesilo,,,19/09/2026 21:50
943a2072-115a-43f6-aada-c1571c412118,unlisted.boston,available,23.49,23.49,high,low,8,namesilo,,,12/09/2026 14:55
8f51ad50-8878-4526-be9f-841135ca3d09,samarium.boston,available,23.49,23.49,medium,low,8,namesilo,,,20/09/2026 23:24
65810844-8b99-4070-9313-0279227c1c4f,worthy.boston,available,24.5,23.49,high,low,6,unstoppable,,,28/09/2026 11:05
af102f8c-ff98-41b6-91b9-610cf5d9708e,semiformal.boston,available,23.49,23.49,high,low,10,namesilo,,,10/08/2026 11:42
0e89895f-fb42-4c35-84e5-4a337cfffafb,orderly.boston,available,23.49,23.49,high,low,7,namesilo,,,03/09/2026 14:34
38cd89b0-02f4-402e-a5e9-781759283e1c,cursed.boston,available,23.49,23.49,high,low,6,namesilo,,,13/08/2026 11:32
7cd35029-8b4d-4d77-8536-f58120bffbaf,glistening.boston,available,23.49,23.49,high,low,10,namesilo,,,20/08/2026 14:30
79db4c23-4a1b-4bb7-af71-0195a1efd6fd,afrikaner.boston,available,23.49,23.49,high,low,9,namesilo,,,
6ad3dd1e-303e-4c48-918d-abf3766bb891,cactus.boston,available,23.49,23.49,high,low,6,namesilo,,,24/09/2026 11:36
dc717cf4-01b0-4c03-92f5-0517805b7833,cooked.boston,available,23.49,23.49,high,low,6,namesilo,,,23/09/2026 22:56
102963a9-fbe4-455b-b6e1-89a759ef5b23,butterfly.boston,available,23.49,23.49,high,low,9,namesilo,,,
f647fc09-4421-47b7-a368-42b310f7cd64,indigo.boston,available,23.49,23.49,high,low,6,namesilo,,,22/08/2026 03:01
2bf32dd2-4aa0-4831-bd96-668f3e774e0d,paris.boston,premium,47.2,21.24,high,low,5,namesilo,,,24/09/2026 12:17
fdbb16e3-7047-43a8-8b46-768846d6ddbe,specter.boston,available,23.49,23.49,high,low,7,namesilo,,,08/09/2026 18:41
86d5d868-21e0-49b2-95a0-e04a832695ae,contiguous.boston,available,23.49,23.49,medium,low,10,namesilo,,,12/08/2026 23:11
06b434c9-ff36-42fd-838a-f71f0e615cbf,whats.boston,available,23.49,23.49,medium,low,5,namesilo,,,20/09/2026 02:25
0b77a5cd-8ed5-4cdb-8fa0-92553bf05f92,lowbred.boston,available,23.49,23.49,medium,low,7,namesilo,,,10/08/2026 22:02
527ea38f-0512-4bde-9bd5-5f687a700087,centenary.boston,available,23.49,23.49,high,low,9,namesilo,,,11/08/2026 23:54
a21d6be8-1f8f-49a2-8742-4755db39343a,precambrian.boston,available,18.2,18.2,medium,low,11,cloudflare,,,29/09/2026 04:02
bd5fb249-2736-4444-bb74-87f681a2268d,alcaeus.boston,available,23.49,23.49,medium,low,7,namesilo,,,18/09/2026 03:40
af394d6a-c342-43b1-8268-f63bcd699bcf,bubonic.boston,available,23.49,23.49,medium,low,7,namesilo,,,11/08/2026 07:26
6b369560-9b61-4a1d-86b9-9dc28efc4b67,renault.boston,available,24.98,30.98,high,medium,7,namecheap,,,28/09/2026 08:37
648c09bc-dd19-4d3a-a2db-8edf86c7131e,parentage.boston,available,23.49,23.49,high,low,9,namesilo,,,08/09/2026 13:25
4a007f22-e602-4755-8b1f-f11722faad3f,mathematics.boston,available,18.88,18.88,high,low,11,spaceship,,,28/09/2026 03:31
4dcfd259-ba3c-4040-9087-3a49b3782c64,doubles.boston,available,18.88,18.88,high,low,7,spaceship,,,28/09/2026 18:58
f5d53857-adf7-488f-86e7-5c607df16e37,tailless.boston,available,23.49,23.49,medium,low,8,namesilo,,,05/08/2026 21:33
b215249c-c4ca-44b5-bab3-e55eb0dca593,spicy.boston,available,23.49,23.49,high,low,5,namesilo,,,24/09/2026 22:14
3b78d558-2900-4984-9f5b-c00cb20b2711,dvds.boston,available,18.2,18.2,medium,low,4,cloudflare,,,29/09/2026 00:04
8e638ebb-d36b-4e0d-a04d-2f2b5f106a37,richard.boston,premium,96,21.24,high,low,7,namesilo,,,25/09/2026 17:40
703ee859-062b-4239-9fd9-5a0bb7f5962e,deformity.boston,available,24.98,30.98,medium,low,9,namecheap,,,24/09/2026 21:21
3c8b3fd7-81f0-4f4e-90c6-1b92688d6594,afterward.boston,available,23.49,23.49,medium,low,9,namesilo,,,
d864b181-29f1-4bbf-b2ff-255d7bc364e0,farrell.boston,available,24.98,30.98,medium,low,7,namecheap,,,25/09/2026 05:20
81987f8f-d78e-4f47-8a7b-94633bbf8bd8,unfocused.boston,available,23.49,23.49,medium,low,9,namesilo,,,12/09/2026 10:32
7b9962fd-034e-44e4-a6b2-44ed6dd67783,aralia.boston,available,24.98,30.98,medium,low,6,namecheap,,,19/09/2026 23:52
48d9cf99-ecb7-4ee1-8cb7-2b2a28ab1872,nonionic.boston,available,24.98,30.98,medium,low,8,namecheap,,,03/09/2026 19:33
232ab2aa-6450-4b0d-a60f-b68e70ac82be,apostolic.boston,available,23.49,23.49,medium,low,9,namesilo,,,06/08/2026 04:04
37873efd-e188-4847-813c-7b8d483c9f6f,dangers.boston,available,23.49,23.49,medium,low,7,namesilo,,,18/09/2026 04:42
886269b9-0860-4af0-a44e-2f68589168fc,celsius.boston,available,23.49,23.49,high,low,7,namesilo,,,19/09/2026 04:00
efa11c98-559b-4e4a-8746-54a4a0502dbd,slighting.boston,available,23.49,23.49,medium,low,9,namesilo,,,09/08/2026 13:15
c0347126-2a35-4a37-8578-02b64af471df,difficulties.boston,available,24.98,30.98,high,low,12,namecheap,,,17/09/2026 21:37
6d40b2fc-608e-4474-aee0-19082f5c3a71,staged.boston,available,24.98,30.98,high,low,6,namecheap,,,10/09/2026 18:02
174046ae-6aac-4cac-93d1-cb5347a4dedd,influenced.boston,available,23.49,23.49,high,low,10,namesilo,,,
f977af23-c694-4653-ad6d-1b0227cc946b,lxi.boston,premium,47.2,21.24,medium,low,3,namesilo,,,
247a1ad6-7c64-4dfd-b1bc-94b662026266,volumetric.boston,available,23.49,23.49,medium,low,10,namesilo,,,13/09/2026 07:03
1827592f-e337-4e43-b8bd-d0de5071c890,overriding.boston,available,23.49,23.49,high,low,10,namesilo,,,04/09/2026 21:39
93bcfde9-2ab2-40ea-9e88-ed3c61a01161,roarer.boston,available,23.49,23.49,medium,low,6,namesilo,,,22/09/2026 16:57
f44f62f2-7aaf-422b-b69f-dc438aff29cb,felid.boston,available,23.49,23.49,medium,low,5,namesilo,,,18/08/2026 00:54
28635c51-ee84-467c-ba5b-1ad722b8288b,bender.boston,available,23.49,23.49,high,low,6,namesilo,,,23/09/2026 07:44
f3ded961-f111-486b-a0dd-04e0b52057f5,diversify.boston,available,23.49,23.49,high,low,9,namesilo,,,
9d732466-f0d7-48fc-8437-a5b1d0d3e92f,erratum.boston,available,23.49,23.49,medium,low,7,namesilo,,,24/08/2026 07:21
b7cf925f-403b-4bce-9fdd-d678cf33af47,weight.boston,premium,52,23.4,high,low,6,namecheap,,,19/09/2026 19:07
d2cf457f-905d-4ebd-b273-abec8446b541,fatherless.boston,available,23.49,23.49,medium,low,10,namesilo,,,17/08/2026 23:34
9d3a7046-1a7c-49c1-9552-bc8a901afa09,utilised.boston,available,23.49,23.49,medium,low,8,namesilo,,,13/09/2026 00:07
ff1190d2-7749-4a76-8b15-682e1f26691c,scent.boston,premium,47.2,21.24,high,low,5,namesilo,,,20/09/2026 08:28
ae7b9219-a3b4-4000-b8a7-0ea2c83a0735,selective.boston,available,23.49,23.49,high,low,9,namesilo,,,10/09/2026 01:58
35077ca3-4d0a-4fba-ae5c-fff5439a09e3,arena.boston,premium,83,18.83,high,medium,5,spaceship,,,28/09/2026 22:03
42e6c2bf-4910-4c6b-9850-494ee63423c5,alloyed.boston,available,23.49,23.49,medium,low,7,namesilo,,,
7949bd72-c36e-4ee9-af2d-693a3c000205,declined.boston,available,23.49,23.49,low,low,8,namesilo,,,28/09/2026 22:47
80c4b2d4-a073-4297-8e90-d55d46404f48,gemmed.boston,available,24.98,30.98,medium,low,6,namecheap,,,18/08/2026 21:08
803a8f86-a5a2-4b3d-8648-00c7ecb619d1,appetizing.boston,available,23.49,23.49,high,low,10,namesilo,,,06/08/2026 06:45
201ed2cd-c93a-48fc-bae2-54770b4bce15,flutter.boston,available,23.49,23.49,high,low,7,namesilo,,,18/08/2026 07:48
461b5a6c-a00e-479a-9bf2-ec99304aabac,maternally.boston,available,23.49,23.49,medium,low,10,namesilo,,,25/08/2026 07:10
c2bedf3d-3d0d-44e5-836e-fe576267f506,weave.boston,available,30.98,,high,low,5,namecheap,,,
49039d93-e561-47ab-9db7-3718c0bce591,biloxi.boston,available,24.98,30.98,high,low,6,namecheap,,,23/09/2026 16:52
1772487c-d9d5-4301-9b64-7125298837d9,sensitivity.boston,available,18.88,18.88,high,low,11,spaceship,,,28/09/2026 12:30
621e4993-befb-43e2-b12e-2288b8c11497,sundress.boston,available,30.98,,high,low,8,namecheap,,,
8d38538c-33db-457b-a734-03c1c7a5653d,lao.boston,premium,50,30.99,high,low,3,name.com,,,22/08/2026 19:34
32b41916-fd12-4e71-adbb-6c9ac63135a0,terms.boston,available,23.49,23.49,high,low,5,namesilo,,,
4653b65c-50ec-4757-8f70-6358b3503548,cypriote.boston,available,30.99,30.99,medium,low,8,name.com,,,13/08/2026 14:05
4f9aa8d8-fd7f-40b9-81b8-7343279c1911,adad.boston,available,23.49,23.49,medium,low,4,namesilo,,,17/09/2026 06:02
8428d97c-eeb0-4d1e-b305-536a709f3da4,exceptionally.boston,available,18.88,18.88,medium,low,13,spaceship,,,29/09/2026 03:12
59fd63f8-e5b4-4e3a-a6c8-2869456f428e,maximum.boston,available,24.98,30.98,high,low,7,namecheap,,,25/09/2026 18:14
1ad5c3b2-51fe-4d0b-a821-25fab22994e0,philosophy.boston,available,18.88,18.88,high,low,10,spaceship,,,27/09/2026 13:03
6e1959f1-1e70-4168-a1dd-7aff9b668351,guiding.boston,available,23.49,23.49,high,low,7,namesilo,,,14/08/2026 08:49
79a01e78-27e5-4013-a060-5f77cfb4de1f,memory.boston,available,23.49,23.49,high,medium,6,namesilo,,,
aaef256f-9573-43e7-aa61-7c4c0d1d101c,mercenary.boston,available,23.49,23.49,high,low,9,namesilo,,,24/08/2026 17:14
fb4a7b42-146a-4d9c-90fc-82cfe481b3b0,anthyllis.boston,available,23.49,23.49,medium,low,9,namesilo,,,19/09/2026 14:04
4ee90d0b-2a73-482b-842a-2e96fc9a7113,betatron.boston,available,23.49,23.49,medium,low,8,namesilo,,,23/09/2026 11:04
581d40bf-0f18-4a44-8388-5f097ea06ad9,godlike.boston,available,23.49,23.49,high,low,7,namesilo,,,20/08/2026 16:06
9be8c4b8-610f-4b5c-ac0f-fd98e6540cf7,balbriggan.boston,available,24.98,30.98,medium,low,10,namecheap,,,21/09/2026 21:25
3e98b1cf-139d-4114-bf67-669530e2ee83,whiz.boston,available,24.98,30.98,high,low,4,namecheap,,,21/09/2026 18:01
1fda26bd-c64b-41d9-8a0b-e12a9ee0daff,developmental.boston,available,23.49,23.49,medium,low,13,namesilo,,,29/09/2026 02:36
d29c0439-bd7a-4383-b650-8c9b9f5d22ac,bradley.boston,available,24.98,30.98,high,low,7,namecheap,,,25/09/2026 02:09
623f29a9-a2d5-4d55-928b-9c8b24479523,abdication.boston,available,23.49,23.49,medium,low,10,namesilo,,,16/09/2026 14:43
82e0afbe-5708-4597-a0dd-949e051694eb,eyed.boston,available,24.98,30.98,high,low,4,namecheap,,,17/08/2026 20:00
43b2cabe-6eb0-47cd-aa61-07b4b6f69328,sophisticated.boston,available,23.49,23.49,high,low,13,namesilo,,,
7444f772-2cf1-4cc6-b81e-7f914be007d5,vigilantly.boston,available,30.99,30.99,medium,low,10,name.com,,,16/09/2026 10:54
7242d5c9-270b-4fc7-a27d-8f1a94a18be0,transient.boston,available,23.49,23.49,high,low,9,namesilo,,,24/09/2026 14:26
c22849d7-44f6-4248-a2e4-707460617c34,crisis.boston,available,24.98,30.98,high,low,6,namecheap,,,24/09/2026 19:30
03926352-0680-4537-aac8-deabb16e10f7,clad.boston,available,23.49,23.49,high,low,4,namesilo,,,12/08/2026 09:13
86ba5504-1cda-4cfc-b973-b4e4df819928,adoptable.boston,available,23.49,23.49,high,low,9,namesilo,,,
c15690a5-2891-4ee1-abe2-f8a75c1c7776,akron.boston,available,23.49,23.49,medium,low,5,namesilo,,,18/09/2026 00:14
92e0a0a8-11ae-4b58-861a-6c4cc6c22b83,minority.boston,available,24.5,,high,low,8,unstoppable,,,28/09/2026 14:53
0f7a1129-501f-49da-b4e1-416e801a88b6,enemy.boston,available,18.2,18.2,high,low,5,cloudflare,,,28/09/2026 05:07
c68c903a-85bc-4b2f-ae46-e8823dae2fb7,gamers.boston,available,23.49,23.49,high,low,6,namesilo,,,20/09/2026 23:00
5b3713b7-354b-465d-8096-9a34ab462aed,anklets.boston,available,23.49,23.49,medium,low,7,namesilo,,,19/09/2026 09:46
b9ee2832-1e68-4703-83b8-bc9c9120cf01,tbd.boston,premium,50,,high,low,3,name.com,,,
71a51996-785b-4baa-bca6-079f12ad58f7,aleutian.boston,available,23.49,23.49,medium,low,8,namesilo,,,
9740a5ca-16f5-468b-8a61-51c722f5ba4e,diehard.boston,available,23.49,23.49,medium,low,7,namesilo,,,11/09/2026 18:42
ccccdf7c-f52d-4a33-860a-990365cd4191,meager.boston,available,24.98,30.98,medium,low,6,namecheap,,,24/08/2026 18:02
048ee55b-1efc-43a4-8c4d-666e97776f26,sewn.boston,available,23.49,23.49,medium,low,4,namesilo,,,10/09/2026 05:07
c0d5ea4d-da0c-44d4-8ae0-14887f13245a,dryness.boston,available,23.49,23.49,high,low,7,namesilo,,,24/09/2026 22:51
e959c69b-af36-450a-aad7-4f2e763fe988,preciously.boston,available,23.49,23.49,high,medium,10,namesilo,,,09/09/2026 01:14
70a39cb4-889d-40de-a21c-ffe888c5333d,wellesley.boston,premium,96,21.24,high,low,9,namesilo,,,27/09/2026 08:52
24a0c256-b1af-4c4b-84ae-83f39c8bd5c8,bathing.boston,available,23.49,23.49,high,low,7,namesilo,,,22/09/2026 13:36
8ccbf42a-a4fe-41ac-8e54-30d503d1db8d,dropped.boston,available,24.98,30.98,medium,low,7,namecheap,,,25/09/2026 20:16
cf6b56ac-6484-4811-a583-f2f53f4166c6,argot.boston,available,23.49,23.49,medium,low,5,namesilo,,,13/09/2026 04:14
cfd5e670-896f-4c04-84f7-f9a00de4174c,choral.boston,available,23.49,23.49,high,low,6,namesilo,,,12/08/2026 07:03
561b40b3-4471-4581-9631-7c8639967ca9,zoic.boston,available,23.49,23.49,medium,low,4,namesilo,,,13/09/2026 15:25
1a6c9a71-03dd-4ea3-991f-e4c526ae40ca,strikes.boston,available,23.49,23.49,medium,low,7,namesilo,,,27/09/2026 09:13
868442f2-fd66-4a56-94a8-4c4863a569ef,cca.boston,premium,,,high,low,3,,,,29/09/2026 03:53
6f2168fa-20c4-4d3e-8bd0-fa2abb12362b,penial.boston,available,23.49,23.49,medium,low,6,namesilo,,,08/09/2026 14:23
da4faef7-14bf-4caf-a674-1693f30f0000,talentless.boston,available,23.49,23.49,medium,low,10,namesilo,,,11/09/2026 07:28
ee209825-2b86-474d-a70c-05d1dcb57902,radically.boston,available,23.49,23.49,medium,low,9,namesilo,,,15/09/2026 22:20
99aaa1cb-72b8-4092-9191-2dacb64bbb32,shipment.boston,available,24.98,30.98,high,low,8,namecheap,,,24/09/2026 12:59
436c09c6-4a10-42fe-8560-b837191834f8,incurably.boston,available,23.49,23.49,medium,low,9,namesilo,,,15/09/2026 07:45
2c60178b-ea9f-4f19-9439-469d982195f6,testing.boston,available,30.98,,high,low,7,namecheap,,,
b17b23cb-0243-4e24-a008-e31bd88dc6e9,flames.boston,available,24.98,30.98,medium,low,6,namecheap,,,27/09/2026 23:38
e7357309-41a5-4b6d-a308-db9144b5b0bb,rarefy.boston,available,23.49,23.49,medium,low,6,namesilo,,,07/08/2026 15:31
8f74ced7-e385-417d-9d88-acac128e03fe,legendary.boston,available,24.98,30.98,high,low,9,namecheap,,,17/08/2026 20:13
6a48da2c-6908-4689-b607-9c77a2a3a34c,joe.boston,resell,,,high,medium,3,"Global Domains International, Inc. DBA DomainCostClub.com",15/01/2019 21:39,15/01/2027 21:39,26/09/2026 07:00
46f34471-cb33-4a21-9bd8-b1421bc44a1a,banter.boston,available,18.88,18.88,high,low,6,spaceship,,,28/09/2026 07:57
1cf50b32-39be-4983-bbb8-4e2cce53de2a,lucky.boston,premium,104,23.4,high,medium,5,namecheap,,,25/09/2026 15:33
70ff57de-5b75-47a3-817d-201478b42e87,capsular.boston,available,23.49,23.49,medium,low,8,namesilo,,,08/09/2026 04:10
08997c19-eea4-4bd0-95a8-a72cd56bd54c,fortunate.boston,available,23.49,23.49,high,low,9,namesilo,,,18/08/2026 12:47
d5655582-af54-4772-813b-06295389f726,learnedly.boston,available,23.49,23.49,medium,low,9,namesilo,,,14/09/2026 16:04
667eec90-a692-4d24-8086-af1b19b54fdd,managers.boston,available,23.49,23.49,medium,low,8,namesilo,,,20/09/2026 10:01
56f50648-58e6-441e-8415-d96e8c3ad16d,immutable.boston,available,23.49,23.49,high,low,9,namesilo,,,12/08/2026 01:57
232bfdc8-0267-4463-a1a3-43b576bec3ea,platelike.boston,available,24.98,30.98,high,low,9,namecheap,,,08/09/2026 20:17
7b7836b3-dea9-4458-8497-f1a1d02ecece,pricing.boston,available,23.49,23.49,high,low,7,namesilo,,,
8f6e9cc9-a4e1-4aa9-a8a9-0cd327f1edd3,sandhopper.boston,available,23.49,23.49,medium,low,10,namesilo,,,22/09/2026 18:44
fde93403-98ef-4bc4-9c6b-9c6b6dd5dea1,dispenser.boston,available,23.49,23.49,high,low,9,namesilo,,,24/09/2026 22:56
38c35426-5849-4569-b2e3-4023c7b5e44b,savory.boston,available,23.49,23.49,high,low,6,namesilo,,,25/08/2026 08:48
3d693517-94fe-4ab4-91ac-db01e2e0dcb6,slips.boston,available,23.49,23.49,high,low,5,namesilo,,,17/09/2026 12:24
1e843ca3-c6c8-4f3e-b770-e179ddbece81,genevieve.boston,available,18.88,18.88,medium,low,9,spaceship,,,28/09/2026 16:45
2aae5153-bda4-4922-89a4-b132a812649c,oriole.boston,available,24.98,30.98,high,low,6,namecheap,,,18/09/2026 20:26
84e931e0-1700-4280-bc54-e282744c3bd8,fertility.boston,available,24.98,30.98,high,low,9,namecheap,,,23/09/2026 21:05
eaf4c6d8-aca4-4f7b-ae19-ea44330fb175,cabins.boston,premium,52,23.4,medium,low,6,namecheap,,,20/09/2026 12:16
86a6bb93-c094-427f-81ae-d9a7206f5060,spoken.boston,available,18.2,18.2,high,low,6,cloudflare,,,28/09/2026 00:14
f900de49-11c5-4a34-b2e3-23368bcd6a64,weber.boston,premium,47.2,21.24,high,low,5,namesilo,,,22/09/2026 07:12
71dc3805-272c-4727-860f-5034ef8a3f1b,oreo.boston,available,23.49,23.49,high,low,4,namesilo,,,
f72c32cf-19ee-4601-b76d-7f1cbe38fe57,glimmery.boston,available,23.49,23.49,medium,low,8,namesilo,,,20/08/2026 14:28
71bcbc34-beab-43a2-96f7-fceae8b3041f,estonian.boston,available,23.49,23.49,high,low,8,namesilo,,,17/08/2026 13:27
b7399495-8234-4a63-9629-060461c63567,compared.boston,available,23.49,23.49,medium,low,8,namesilo,,,27/09/2026 09:01
6fc66728-c0d8-4c40-9f05-413fb0e44a27,sticking.boston,available,23.49,23.49,high,low,8,namesilo,,,27/09/2026 06:41
08125764-d11f-42f5-af0b-97576033197c,floodwaters.boston,available,23.49,23.49,medium,low,11,namesilo,,,21/09/2026 03:37
2fecd738-309c-43d9-ab31-c4ee5ca0d99d,handwoven.boston,available,23.49,23.49,medium,low,9,namesilo,,,20/08/2026 23:19
30c59a32-1164-4954-b627-fcdc0afc05c2,widowed.boston,available,24.98,30.98,medium,low,7,namecheap,,,28/09/2026 10:37
17874ca7-2fd7-42b9-8aab-2aa0577e1f5d,dustbin.boston,available,23.49,23.49,medium,low,7,namesilo,,,20/09/2026 13:42
abf215ab-ca56-4b3e-b9cd-625d86af0766,granitic.boston,available,23.49,23.49,medium,low,8,namesilo,,,18/08/2026 08:22
900b30e5-af3a-46b2-bed1-6e4ebe074b83,missions.boston,available,23.49,23.49,medium,low,8,namesilo,,,28/09/2026 23:16
b346654f-89e8-4110-8615-4f282469cc9b,abrasive.boston,available,23.49,23.49,high,low,8,namesilo,,,
cc56acf8-9c28-4993-a410-e14f9f425d5c,blacks.boston,available,24.5,,low,low,6,unstoppable,,,28/09/2026 18:09
24ef87cb-b9a6-4ebe-86e0-51bd99cf9f15,peter.boston,premium,47.2,21.24,high,medium,5,namesilo,,,24/09/2026 16:12
559509b4-c263-47bb-8db3-1651a82a5b3e,carousing.boston,available,23.49,23.49,medium,low,9,namesilo,,,08/08/2026 04:24
ac6a279d-0343-4bab-8323-777d22189a1c,formerly.boston,available,24.98,30.98,medium,low,8,namecheap,,,24/09/2026 15:13
ac7b0c7b-be65-4435-a4bf-2b54c082f55c,camail.boston,available,23.49,23.49,medium,low,6,namesilo,,,21/09/2026 09:01
8fa882b2-e99f-4c30-98b0-729f942cdbd7,space.boston,premium,41.6,18.83,high,medium,5,spaceship,,,28/09/2026 20:06
8afb0e4f-b23d-43b0-b8c5-ad7bddc70173,besides.boston,available,24.5,23.49,medium,low,7,unstoppable,,,28/09/2026 11:58
a0d3dddf-951c-4759-8734-166e30f5a631,piston.boston,available,23.49,23.49,high,low,6,namesilo,,,
0e08147a-31ae-4c44-b824-cff0c5e79a01,acanthus.boston,available,24.98,30.98,medium,low,8,namecheap,,,16/09/2026 21:02
3585a6da-c8cb-435a-8d31-bf43e9969f4b,come.boston,resell,,,high,low,4,"NameCheap, Inc.",20/08/2025 10:08,20/08/2027 10:08,28/09/2026 09:23
fee62688-ee61-43e8-94a8-35030e0c909c,gromyko.boston,available,24.98,30.98,medium,low,7,namecheap,,,19/09/2026 04:28
857172a8-a726-41e4-b917-67f79e198226,bucks.boston,available,23.49,23.49,high,low,5,namesilo,,,25/09/2026 13:26
aa4468b3-abc0-40b6-b1ab-43efc43feb6d,retailing.boston,available,23.49,23.49,high,low,9,namesilo,,,28/09/2026 05:08
77f59f72-c581-432d-b8be-4c48612c131a,linear.boston,available,23.49,23.49,high,low,6,namesilo,,,
d76a4091-5677-4c94-b67b-3061374f8c31,haven.boston,available,23.49,23.49,high,medium,5,namesilo,,,
9708c8b7-2a06-464b-8228-09c6e4554b4a,amanita.boston,available,23.49,23.49,medium,low,7,namesilo,,,18/09/2026 15:43
29a0dfc9-d51a-4476-a9dc-809ac417926e,bohme.boston,available,23.49,23.49,medium,low,5,namesilo,,,23/09/2026 03:34
99c90c58-b9a2-436b-9f0d-d9a02605436a,segment.boston,available,18.2,18.2,high,low,7,cloudflare,,,28/09/2026 20:24
f89cb1d3-316f-43aa-af14-1fa8eb4b906c,veggie.boston,available,23.49,23.49,high,low,6,namesilo,,,19/09/2026 06:34
55805600-f495-4115-a1d1-130ff80daede,crabby.boston,available,23.49,23.49,medium,low,6,namesilo,,,08/08/2026 07:43
a75408db-8b3f-4787-ae45-65a7c2074af5,catherine.boston,premium,47.2,21.24,high,low,9,namesilo,,,25/09/2026 04:07
facc6a7f-6832-4ee3-b567-116e343aab1a,clonal.boston,available,23.49,23.49,medium,low,6,namesilo,,,12/08/2026 12:01
1486c6fc-0616-4742-803a-aa4d39472c8e,merchants.boston,available,23.49,23.49,high,low,9,namesilo,,,18/09/2026 04:36
e3b974a3-fb54-477e-b689-a00d1954bc15,lounge.boston,available,23.49,23.49,high,low,6,namesilo,,,11/09/2026 08:25
ab04208c-a5ec-4ab9-8977-e101755e18d7,reminds.boston,available,23.49,23.49,medium,low,7,namesilo,,,27/09/2026 03:09
0f7f3e38-3ea7-4f28-9759-a299c5cac938,scenes.boston,available,23.49,23.49,medium,low,6,namesilo,,,18/09/2026 15:27
1d6ac68a-15e6-49c4-a127-1682da95d99e,perennial.boston,available,23.49,23.49,high,low,9,namesilo,,,08/09/2026 16:26
e3e978dc-fd1d-413d-8bcd-20cd174a44c2,apoplexy.boston,available,24.98,30.98,medium,low,8,namecheap,,,19/09/2026 19:09
669c7a4b-a76f-42a0-85be-c895e1e1c5ec,copy.boston,premium,47.2,21.24,high,low,4,namesilo,,,
9efcb224-d0ec-4932-b653-5ce93db056be,coital.boston,available,23.49,23.49,low,low,6,namesilo,,,12/08/2026 16:22
80abe95d-2ef8-4bbf-aa26-e7204506396c,quartette.boston,available,23.49,23.49,medium,low,9,namesilo,,,09/09/2026 07:26
f019a04f-a0f1-49e6-833d-8834770c7e99,metric.boston,available,24.98,30.98,high,low,6,namecheap,,,25/09/2026 19:58
0d6b0015-4898-41d7-889e-3d92502e3ee1,dday.boston,available,23.49,23.49,high,low,5,namesilo,,,16/09/2026 12:39
7c2a00f9-bc8b-4150-85ca-ff1fbb735026,counselling.boston,available,23.49,23.49,high,low,11,namesilo,,,17/09/2026 12:13
5ce45f86-a77a-4e24-a7aa-f9d9f3b2a95e,throb.boston,available,23.49,23.49,medium,low,5,namesilo,,,11/09/2026 14:49
5aa08272-8fab-481f-9814-b87346656ec3,ambitions.boston,available,24.98,30.98,medium,low,9,namecheap,,,20/09/2026 04:21
2b4c9b42-6430-45fb-a760-b231f4ff3ea5,homozygous.boston,available,23.49,23.49,medium,low,10,namesilo,,,21/08/2026 13:12
f5a47aae-d00e-4182-9ddb-c38aa995a4e5,securing.boston,available,23.49,23.49,medium,low,8,namesilo,,,
e9726232-3075-4d28-aaf6-e52eada5b3a3,dempsey.boston,available,19.48,19.48,high,low,7,dynadot,,,28/09/2026 05:31
76c856cf-a06c-4c71-89ce-5e7f4a9bdc6a,retinal.boston,available,23.49,23.49,high,low,7,namesilo,,,09/09/2026 15:37
aa6b1ca1-5430-4b1d-aa4c-fca4ef85579f,msc.boston,premium,47.2,21.24,high,low,3,namesilo,,,27/09/2026 04:42
09b3bfd7-f2f6-4589-8226-ba77ac83c90d,addable.boston,available,23.49,23.49,medium,low,7,namesilo,,,
3add73b8-92c6-40ce-89b5-6cd1d7446557,industrialize.boston,available,23.49,23.49,medium,low,13,namesilo,,,
13ad782c-02cf-48b5-ac53-e49c0c21db2d,spot.boston,premium,52,23.4,high,medium,4,namecheap,,,29/09/2026 02:14
b95d1648-85f0-4bcf-b8ee-568aa8bd09a0,sister.boston,premium,47.2,21.24,high,low,6,namesilo,,,26/09/2026 00:18
590e9f33-6e40-4d05-9f3e-e36cbbf889b8,weaned.boston,available,23.49,23.49,medium,low,6,namesilo,,,13/09/2026 08:53
ce41bf4f-14c8-4d5b-8a14-557e864912ff,caracas.boston,available,23.49,23.49,high,low,7,namesilo,,,
2739e14f-9fee-42dc-a3f8-1d8c14e90944,ghz.boston,premium,,,high,low,3,,,,27/09/2026 13:41
9dc20399-3943-4157-b529-2ec2ea2f3c6b,guests.boston,available,23.49,23.49,high,low,6,namesilo,,,25/09/2026 17:02
4dfd2342-f295-4df9-a40e-3cc66256756d,jan.boston,premium,47.2,21.24,high,low,3,namesilo,,,
8fa68d3a-cd1f-425d-bf6b-a5b272cc62f9,bagasse.boston,available,24.98,30.98,medium,low,7,namecheap,,,21/09/2026 17:47
fe58a650-8a42-4419-aa1e-c094364d3ff1,ruffianly.boston,available,24.98,30.98,high,medium,9,namecheap,,,09/09/2026 19:19
dd6dd415-5bbf-4523-95af-47eb2d95eb3b,cheerio.boston,available,23.49,23.49,high,low,7,namesilo,,,17/09/2026 08:13
b392dcac-60de-4d8a-8faf-4a990ae2bdfc,avellan.boston,available,23.49,23.49,medium,low,7,namesilo,,,07/08/2026 22:24
37f1eead-d0e7-4e6d-bc73-f953451026e9,trifling.boston,available,23.49,23.49,high,low,8,namesilo,,,05/09/2026 00:21
430e74db-8e56-4bc6-af81-c680ce0cb6b3,owlish.boston,available,23.49,23.49,medium,low,6,namesilo,,,04/09/2026 22:14
4c37c2bc-b9bc-417d-aed6-fe4e632205e4,ing.boston,premium,47.2,21.24,high,low,3,namesilo,,,
59f7dd4b-7da6-46f5-ae04-90802b1ef910,benzyl.boston,available,23.49,23.49,high,low,6,namesilo,,,23/09/2026 09:03
3676174f-e6cd-4191-9a57-dec8b950f261,riddle.boston,available,23.49,23.49,high,low,6,namesilo,,,24/09/2026 08:02
f83dc3f0-5aba-49a3-a33c-2fe04fc9e1cc,modernity.boston,available,23.49,23.49,high,low,9,namesilo,,,24/09/2026 17:40
d3fd537c-9456-4757-a442-633107e3863d,dakar.boston,available,23.49,23.49,high,low,5,namesilo,,,
a5efad31-de2d-4097-834d-e539f8a53411,mated.boston,available,23.49,23.49,medium,low,5,namesilo,,,24/08/2026 17:10
06d08634-2102-4497-b5ea-744d1f49239a,sapphire.boston,available,23.49,23.49,high,medium,8,namesilo,,,22/09/2026 15:38
dcbb7a7f-d75f-4662-bd8d-b1eef66bd7d6,cookies.boston,available,23.49,23.49,high,low,7,namesilo,,,27/09/2026 23:29
a6b969c8-6684-425c-86e0-f24792507454,landwards.boston,available,23.49,23.49,medium,low,9,namesilo,,,15/09/2026 10:41
31e3ac75-9794-407f-98bd-14b4c24d373f,vermont.boston,available,23.49,23.49,high,low,7,namesilo,,,28/09/2026 09:57
3dac1375-7b10-47e1-8d2f-a84f96de9ad1,wool.boston,available,23.49,23.49,high,low,4,namesilo,,,28/09/2026 10:46
02cce345-3e2e-4e58-85e2-54689defb0b1,acquainted.boston,available,18.2,18.2,high,low,10,cloudflare,,,28/09/2026 07:02
ad07b698-ccc5-41ec-90d1-62852f397585,float.boston,available,18.2,18.2,high,low,5,cloudflare,,,28/09/2026 19:32
d60e6937-06fc-4e4a-80d8-6925016e9741,klamath.boston,available,23.49,23.49,high,low,7,namesilo,,,28/09/2026 06:07
f7d3b39a-31f9-4cd9-827a-0419ba22266a,luftwaffe.boston,available,23.49,23.49,medium,low,9,namesilo,,,28/09/2026 09:53
d5cb5b36-2c6d-40d6-a651-805d0435253a,tamely.boston,available,23.49,23.49,medium,low,6,namesilo,,,16/09/2026 07:53
873ea301-0d10-4b15-82db-6cd49e4ca085,letup.boston,available,23.49,23.49,medium,low,6,namesilo,,,
300b5a60-b31f-4aa9-9cbb-56d7635232b6,miotic.boston,available,23.49,23.49,medium,low,6,namesilo,,,25/08/2026 01:00
47cff551-bf65-4dca-9694-5ee480f554f7,poached.boston,available,23.49,23.49,medium,low,7,namesilo,,,10/08/2026 17:34
00e26bd2-3440-4a20-8d4c-bda29c099c85,pregnancy.boston,available,24.5,,high,low,9,unstoppable,,,28/09/2026 02:22
f97338f3-8787-435e-b6d9-da67857602e5,blockade.boston,available,18.2,18.2,medium,low,8,cloudflare,,,29/09/2026 01:13
52b6f9db-f96e-4968-b228-ceed0947509a,camisole.boston,available,23.49,23.49,high,low,8,namesilo,,,24/09/2026 11:52
8372b28d-7805-4d61-aec3-0ecd4923a785,slant.boston,available,23.49,23.49,high,low,5,namesilo,,,22/08/2026 22:07
719cfc9d-cfa3-4205-8174-2307fbbcafa8,timed.boston,available,23.49,23.49,high,low,5,namesilo,,,11/09/2026 16:00
f7b38083-d7df-4cb1-9b98-f75a78f06b55,refused.boston,available,24.98,30.98,medium,low,7,namecheap,,,18/09/2026 13:40
fa547d41-689a-4a31-8ab1-7c68fd4adbbe,shrinkable.boston,available,23.49,23.49,high,medium,10,namesilo,,,10/09/2026 06:57
65daa1e9-a96a-423d-945d-cf6fc5b6c991,beers.boston,available,23.49,23.49,medium,low,5,namesilo,,,27/09/2026 10:55
0f842cfe-8f2e-42c5-abae-f9ef63e371a8,francisca.boston,available,30.98,,high,low,9,namecheap,,,
05917757-23de-4c44-8515-fbd1d5121486,theorise.boston,available,23.49,23.49,high,low,8,namesilo,,,24/09/2026 17:20
64323f88-97bc-42b0-95f0-1d7147c0af8a,delicacy.boston,available,30.99,30.99,high,low,8,name.com,,,13/08/2026 15:51
f19e1dd3-b219-43f6-b257-b85e1ae5039a,huston.boston,available,24.5,,medium,low,6,unstoppable,,,28/09/2026 14:28
f5274898-fd85-4016-a698-b24fa8bbca27,lps.boston,premium,41.6,18.83,high,low,3,spaceship,,,28/09/2026 11:44
984cada1-6c04-453e-ad10-d546aaca5bc3,actinium.boston,available,24.98,30.98,medium,low,8,namecheap,,,16/09/2026 19:56
a0ad5b5f-9302-40e0-88a6-07637f11720e,prudently.boston,available,23.49,23.49,medium,low,9,namesilo,,,15/09/2026 21:50
5e39acdf-2ed3-4723-a9e5-2700bfcbf87c,barlow.boston,available,18.88,18.88,high,low,6,spaceship,,,29/09/2026 03:31
f7dca4f4-261e-4953-8925-8a6544645ed5,idealized.boston,available,24.98,30.98,high,low,9,namecheap,,,21/08/2026 17:58
882064e3-c90a-4ce6-942e-311705d5b497,halfway.boston,available,23.49,23.49,high,low,7,namesilo,,,11/08/2026 23:56
27d81cff-1ec9-47e8-9bf1-db40b5ae60c3,gorgeous.boston,premium,47.2,21.24,high,low,8,namesilo,,,24/09/2026 22:48
0b2748c0-4f78-49d3-8b30-28f571fb4f92,extensile.boston,available,24.98,30.98,medium,low,9,namecheap,,,17/08/2026 19:01
fa31a1ba-afe1-4c0d-be4d-bf9ffd67c79f,abrasion.boston,available,24.98,30.98,medium,low,8,namecheap,,,16/09/2026 16:56
362b793d-2833-4f5e-a74c-9ffa3fb886b9,finicky.boston,available,23.49,23.49,medium,low,7,namesilo,,,18/08/2026 04:58
2de372af-8524-4246-a573-23a479bfb7ad,barbecuing.boston,available,23.49,23.49,high,low,10,namesilo,,,22/09/2026 04:46
0e6e1833-2dc9-43e4-8574-ba18b2419d60,pastel.boston,available,23.49,23.49,high,low,6,namesilo,,,08/09/2026 10:04
2918b8d9-d61f-4b7b-b2e7-269c0ed8cb20,fax.boston,premium,44.19,20.18,high,low,3,porkbun,,,28/09/2026 14:07
a6788d97-236b-45b4-b83e-cd83cfb05c9c,firefighter.boston,available,30.98,,high,low,11,namecheap,,,
400b81d5-ec16-4d01-a7d5-e3e997a16df4,hypophysis.boston,available,24.98,30.98,high,medium,10,namecheap,,,08/09/2026 20:09
aba989b1-7ceb-47ec-97ed-00639839a552,samson.boston,available,18.88,18.88,high,low,6,spaceship,,,28/09/2026 01:08
5ae36476-c8a0-44a5-8f20-d89f0bd93092,woolen.boston,available,23.49,23.49,medium,low,6,namesilo,,,13/09/2026 13:13
3ee964d3-bf21-4f4a-be13-3b7074d81c90,secondly.boston,available,24.98,30.98,medium,low,8,namecheap,,,27/09/2026 19:26
470be491-10f1-4559-a6be-c1daf38c9f9a,adulterous.boston,available,23.49,23.49,medium,low,10,namesilo,,,
e01643e4-4fbe-4be3-b91c-56d1ddd409cd,redemptory.boston,available,23.49,23.49,high,medium,10,namesilo,,,09/09/2026 12:20
9474df18-ea75-419b-8114-61f1d33e0be7,suggestions.boston,available,23.49,23.49,medium,low,11,namesilo,,,17/09/2026 12:49
cc94b96f-25ab-40d9-8c66-e29028dda22e,chaplin.boston,available,24.98,30.98,high,low,7,namecheap,,,28/09/2026 18:39
9468e7d9-75cf-4f4c-8256-4a08d950b423,anpu.boston,available,23.49,23.49,medium,low,4,namesilo,,,19/09/2026 11:59
0e16a2e1-5898-47b1-adb8-02bd053bb950,investigation.boston,available,23.49,23.49,high,low,13,namesilo,,,25/09/2026 17:01
82f0bc60-14fd-42ea-988a-8ef54a765a6a,situation.boston,available,18.2,18.2,high,low,9,cloudflare,,,29/09/2026 02:15
1fde8719-112c-42f4-8e5e-9cc999aab8db,confusion.boston,available,23.49,23.49,high,low,9,namesilo,,,
c37aed34-d970-40a8-a754-15675e0aab39,centre.boston,available,24.98,30.98,high,low,6,namecheap,,,23/09/2026 13:22
95dc3c52-6153-4138-afce-12552bba2e28,pots.boston,available,18.88,18.88,high,low,4,spaceship,,,28/09/2026 16:57
bc6fa061-0e8f-4fa6-a263-1da76d173911,debatable.boston,available,30.99,30.99,medium,low,9,name.com,,,13/08/2026 20:12
49af80e1-2830-4885-b1d9-5d26ece1fe7b,technician.boston,available,23.49,23.49,high,low,10,namesilo,,,28/09/2026 15:27
2a2c76a5-6ad7-453e-a6ec-23a182ac4953,intellect.boston,available,23.49,23.49,high,low,9,namesilo,,,28/09/2026 07:56
82f103cb-cc7b-40c8-b8aa-e95c3f58e7b8,sas.boston,premium,96,21.24,high,medium,3,namesilo,,,25/09/2026 10:36
02ca1505-8f0c-4fa5-a28a-3b8a576f7c00,chas.boston,available,23.49,23.49,medium,low,4,namesilo,,,28/09/2026 21:45
1b910c26-fab2-4366-b64c-4aa3f2984289,bao.boston,premium,41.6,18.83,medium,low,3,spaceship,,,28/09/2026 21:38
02b78445-eda1-435d-bc81-406b7ebcadf5,ducks.boston,premium,,,medium,low,5,,,,27/09/2026 23:17
0cc96165-f8ab-4585-b319-c477132803d4,antiphony.boston,available,23.49,23.49,medium,low,9,namesilo,,,19/09/2026 14:57
4da2f681-99c8-4561-9b9a-b2c749634abb,acquire.boston,available,23.49,23.49,high,low,7,namesilo,,,25/09/2026 03:22
e757db4e-7598-4a20-8b92-3e0b6e6f76c5,coalition.boston,available,23.49,23.49,high,low,9,namesilo,,,18/09/2026 07:45
95d72dcd-d107-495c-9230-b9eebaedce66,bowhead.boston,available,24.98,30.98,medium,low,7,namecheap,,,21/09/2026 20:32
e2ba23ec-99ef-4911-9022-d2fd6159888a,martian.boston,available,23.49,23.49,high,low,7,namesilo,,,24/08/2026 16:37
d860280e-09be-4df8-8aa5-8d7e4faea911,hour.boston,available,24.98,30.98,high,low,4,namecheap,,,28/09/2026 16:53
52f3546d-7c16-430e-a5cb-f670126fb928,lusaka.boston,available,24.98,30.98,high,low,6,namecheap,,,24/09/2026 12:35
ab665dca-2119-4cd6-957e-32a0fabc1484,lynn.boston,premium,512,21.24,high,low,4,namesilo,,,27/09/2026 07:20
8c47fd89-2bce-4367-bfe7-6ab01ea9cb71,assail.boston,available,23.49,23.49,medium,low,6,namesilo,,,20/09/2026 15:49
02f2d75e-1ec5-4397-89ca-c849db307eca,mantrap.boston,available,23.49,23.49,medium,low,7,namesilo,,,22/08/2026 16:50
c61afb23-03d9-4792-a069-e900297351d1,diploid.boston,available,23.49,23.49,medium,low,7,namesilo,,,14/08/2026 08:26
f3bf5a8c-b903-4164-b268-7c52d80f47bd,allergen.boston,available,23.49,23.49,high,low,8,namesilo,,,18/09/2026 10:53
8eb52afb-e6a8-4043-b35b-dc77f93ca50f,peek.boston,available,18.88,18.88,high,low,4,spaceship,,,28/09/2026 19:21
a8a8eac3-cae1-4e7f-8122-d02cab5fbe31,lennon.boston,available,18.88,18.88,high,low,6,spaceship,,,27/09/2026 14:28
a14a2bd5-be97-404d-a30e-cddcc3a6690e,pane.boston,available,23.49,23.49,high,low,4,namesilo,,,21/09/2026 14:30
2ceca5d5-c286-4b32-a379-d25e2d41797d,flowing.boston,available,23.49,23.49,high,low,7,namesilo,,,18/08/2026 09:11
5b5efbce-422f-4f63-908b-33cb181e921f,flatulent.boston,available,23.49,23.49,medium,low,9,namesilo,,,12/08/2026 16:34
b2cc9e54-ce0f-4824-8e8e-3536e80d7fd9,emi.boston,premium,47.2,21.24,high,low,3,namesilo,,,27/09/2026 10:37
50edca43-85c1-48f3-96f6-fd3e88835f36,infancy.boston,available,23.49,23.49,high,low,7,namesilo,,,21/09/2026 13:47
4cd307c0-1a7f-4a19-9e98-030c9a18fd28,replete.boston,available,23.49,23.49,high,low,7,namesilo,,,09/09/2026 14:32
40832c51-2856-4102-a7d5-ea16894b2e05,cozily.boston,available,23.49,23.49,medium,low,6,namesilo,,,14/09/2026 08:48
2b8715c6-4805-480a-88e6-4a790606b3c2,overstep.boston,available,23.49,23.49,medium,low,8,namesilo,,,11/09/2026 17:25
f9cb4d01-a0fb-415b-99cd-486daf0df004,saurian.boston,available,24.98,30.98,medium,low,7,namecheap,,,22/08/2026 17:55
111bb8cf-7112-433a-90cc-8e796c5489f6,commonly.boston,available,19.05,19.05,high,low,8,porkbun,,,28/09/2026 14:12
893e7239-bb39-453e-9884-86b11ec4d55b,miao.boston,available,23.49,23.49,high,low,4,namesilo,,,21/08/2026 10:03
97d6cdd4-6136-4168-b489-4807a786f3f3,drums.boston,available,24.98,30.98,medium,low,5,namecheap,,,18/09/2026 11:40
b50bf8ee-ec35-44e3-b5bd-d1231e82164a,slangy.boston,available,23.49,23.49,medium,low,6,namesilo,,,10/09/2026 09:59
9e783a2e-231d-4356-ad22-968e1668ca7a,hudson.boston,available,23.49,23.49,high,medium,6,namesilo,,,27/09/2026 04:25
3baf32f5-7198-4b50-ad57-e2655445cf89,ipo.boston,premium,,,high,low,3,,,,29/09/2026 01:21
4e6d68b7-7aac-423f-bd9c-c54f0505a942,unshelled.boston,available,23.49,23.49,high,medium,9,namesilo,,,10/09/2026 06:23
eab69f64-95fb-45e5-afcb-63594bdc1be7,brake.boston,available,23.49,23.49,medium,low,5,namesilo,,,24/09/2026 08:06
8826b79c-6edf-494d-b03d-ef816b89100d,mildred.boston,premium,,,medium,low,7,,,,28/09/2026 12:04
00b3bb0c-8403-43d5-8d3f-bd8322588103,changeless.boston,available,23.49,23.49,medium,low,10,namesilo,,,12/08/2026 01:58
e411761c-e23f-47a8-8dd0-0d3264548a31,airy.boston,available,23.49,23.49,high,low,4,namesilo,,,
4c6ff8b5-459c-471b-9435-6a1c2b14b011,types.boston,available,23.49,23.49,medium,low,5,namesilo,,,18/09/2026 16:19
9d9f3395-6e69-4dce-908e-f5dc7aa10374,skate.boston,premium,104,23.4,high,low,5,namecheap,,,28/09/2026 06:45
702ad674-ef58-4436-9fd3-9130da6c980d,garage.boston,premium,96,21.24,high,low,6,namesilo,,,
948d515d-3270-435f-b355-e27fe47f7c69,fauna.boston,available,23.49,23.49,high,low,5,namesilo,,,
fd2089d2-5f2b-466d-9374-d3de5d3949b2,foote.boston,available,23.49,23.49,medium,low,5,namesilo,,,28/09/2026 08:03
46a61fa1-8a2a-4913-bb51-858189850a55,wrist.boston,available,24.98,30.98,high,low,5,namecheap,,,28/09/2026 22:18
55d42fee-ff5e-482b-9375-22764dbb7114,others.boston,available,23.49,23.49,high,low,6,namesilo,,,25/09/2026 16:48
137745d8-fd54-440b-a775-051fed242b76,pluperfect.boston,available,23.49,23.49,medium,low,10,namesilo,,,08/09/2026 22:00
eb9cbcea-1167-43b0-9183-525ec15d6963,coffeecake.boston,available,23.49,23.49,high,low,11,namesilo,,,
3230c3fd-4d11-4f3e-9302-fb285e89b25f,bodily.boston,available,23.49,23.49,medium,low,6,namesilo,,,10/08/2026 16:52
4839da0a-ee7d-4320-a400-01af2c43ea65,uncomplicated.boston,available,30.98,,high,low,13,namecheap,,,
bdc7547d-1a97-481a-9ce3-8f33dc517f66,spoon.boston,available,23.49,23.49,high,low,5,namesilo,,,
ee188370-5738-4076-bc7e-be15932716fb,autograph.boston,available,24.98,30.98,high,low,9,namecheap,,,21/09/2026 06:37
aa5c5116-9791-4eb6-a34c-7e8351756242,snub.boston,available,23.49,23.49,high,medium,4,namesilo,,,10/09/2026 12:47
734c23d4-2517-403e-810d-155fe50b75d8,hearts.boston,premium,96,21.24,high,low,6,namesilo,,,
f060a32f-f8dd-4cbf-9832-53e5054dc47d,witless.boston,available,24.98,30.98,medium,low,7,namecheap,,,03/09/2026 17:49
8484413e-c0f4-405e-943e-9820f06956cd,shelling.boston,available,23.49,23.49,medium,low,8,namesilo,,,22/09/2026 08:00
0ba5999a-74a5-4b88-832d-7cc082b92246,insofar.boston,available,23.49,23.49,medium,low,7,namesilo,,,15/09/2026 06:43
e3c84a56-cd30-4979-84f6-03c2af4f44a7,philistine.boston,available,23.49,23.49,medium,low,10,namesilo,,,
0bdd7634-f7b5-413a-a21f-ae49834aeb2e,henbane.boston,available,23.49,23.49,medium,low,7,namesilo,,,24/09/2026 00:54
8efc063f-fc37-476a-9759-409ecf0ec738,backbench.boston,available,23.49,23.49,medium,low,9,namesilo,,,21/09/2026 15:00
2c1853c4-15ea-4fbb-8165-57dbdd9aa6eb,paragraph.boston,available,18.88,18.88,high,low,9,spaceship,,,28/09/2026 15:02
f7692100-4f8b-4661-99f2-5298fce14593,incased.boston,available,24.98,30.98,medium,low,7,namecheap,,,11/08/2026 20:08
286a1f85-f35b-43d0-8842-2634a0dc6cca,triangular.boston,available,23.49,23.49,high,low,10,namesilo,,,11/09/2026 14:30
316ad535-dcca-43b4-8c6d-9ae0bb8a5546,landward.boston,available,23.49,23.49,medium,low,8,namesilo,,,15/09/2026 10:39
2c512d22-8d5c-4ba8-b664-67d4f7f136f4,encountered.boston,available,18.88,18.88,low,low,11,spaceship,,,28/09/2026 23:17
f24af567-e3e9-4e3a-9692-919a166c7b01,amplifying.boston,available,23.49,23.49,medium,low,10,namesilo,,,17/09/2026 20:45
e05bbc1a-a7f9-4e75-8880-84cc3673045c,aesculus.boston,available,30.99,30.99,medium,low,8,name.com,,,17/09/2026 13:22
1c80d221-3e05-459d-8ab2-afa8f6e1feff,operable.boston,available,23.49,23.49,medium,low,8,namesilo,,,04/09/2026 16:20
95a48c52-2668-4412-9a3d-554f868f219c,habits.boston,available,19.48,19.48,medium,low,6,dynadot,,,28/09/2026 04:46
d5fd412c-3ba3-445e-ba44-cf2411ef0c6b,desiccated.boston,available,23.49,23.49,medium,low,10,namesilo,,,14/08/2026 03:33
5faadd6a-4f5c-4ebf-b58f-291f36e3357e,nestling.boston,available,23.49,23.49,high,low,8,namesilo,,,25/08/2026 00:18
262558b1-46eb-45a4-abf5-677c45e85d7f,ser.boston,premium,50,,high,low,3,name.com,,,
5c5c9cc6-33bb-4d18-9d90-4fe7e3fa00f1,songbirds.boston,available,23.49,23.49,medium,low,9,namesilo,,,21/09/2026 08:44
04035ffe-865d-41bf-ae95-22f40de8c7f3,seymour.boston,available,23.49,23.49,high,low,7,namesilo,,,25/09/2026 07:56
64abb162-d594-4d3d-a49a-9f4ad587be34,nes.boston,premium,40.5,,high,low,3,unstoppable,,,28/09/2026 03:45
9fc30014-8669-4272-ba44-74a7772d9439,procurable.boston,available,23.49,23.49,medium,low,10,namesilo,,,18/08/2026 23:08
e33147d9-0c0b-4115-8a9e-bf01a1b19d10,ashes.boston,available,23.49,23.49,medium,low,5,namesilo,,,27/09/2026 09:10
60f41839-47e8-4bc9-a875-2b45138c92da,zirconium.boston,available,23.49,23.49,medium,low,9,namesilo,,,20/09/2026 23:04
5c982d7c-9b83-4e3e-8d3a-bb9df2a86d31,mix.boston,premium,40.5,21.24,high,medium,3,unstoppable,,,29/09/2026 03:11
323c60c9-0780-4f49-bdd3-ad77496dd785,drudgery.boston,available,24.98,30.98,medium,low,8,namecheap,,,08/09/2026 21:19
73c4fc3b-1a90-46de-90b4-045a3455a239,downstream.boston,available,24.98,30.98,high,low,10,namecheap,,,14/08/2026 17:59
3490c399-e622-4a3e-96c5-30210bc6b37d,pushing.boston,available,23.49,23.49,high,low,7,namesilo,,,
527c0276-7664-404c-bf37-84aaafdd62c7,carboxyl.boston,available,23.49,23.49,medium,low,8,namesilo,,,11/08/2026 18:44
3e50debc-d85f-4507-8ffa-33bbda740353,moated.boston,available,23.49,23.49,medium,low,6,namesilo,,,25/08/2026 02:14
e8425775-82ab-40c2-a11d-c97216a9f1e1,tottering.boston,available,24.98,30.98,medium,low,9,namecheap,,,11/09/2026 18:14
5c35a6da-ddb2-40f5-b424-1406a633ca7f,binary.boston,available,23.49,23.49,high,low,6,namesilo,,,22/09/2026 20:45
e8790e34-d7f2-4b78-946e-a97a88198f58,felicitous.boston,available,23.49,23.49,medium,low,10,namesilo,,,18/08/2026 00:51
787d8489-377b-4ba7-b856-20930458e25b,west.boston,premium,83,18.83,high,low,4,spaceship,,,28/09/2026 10:23
b94fe6e7-c6b2-40a8-aaa6-b50d352ac862,includes.boston,available,24.5,,medium,low,8,unstoppable,,,28/09/2026 08:22
13d7d379-27c0-4b2c-8bb8-2571545f0c65,absolutely.boston,premium,80.5,21.24,high,low,10,unstoppable,,,28/09/2026 11:36
ba8ad5e8-9acf-422a-b667-366db3afb059,mood.boston,available,23.49,23.49,high,low,4,namesilo,,,
a06f9516-3f43-4598-a069-e8fd8da3d3ba,latina.boston,premium,44,19.48,high,medium,6,dynadot,,,28/09/2026 11:11
e4b7bebd-c143-4f8d-9591-b3a33b7f02bd,caitiff.boston,available,23.49,23.49,low,low,7,namesilo,,,11/08/2026 13:26
d0cd7a2f-1cce-48e9-b402-f5df85f87b9b,software.boston,premium,80.5,21.24,high,medium,8,unstoppable,,,28/09/2026 15:01
edc1be9c-29e0-424a-9c5f-1c8d30c8ddca,judson.boston,available,19.05,19.05,medium,low,6,porkbun,,,28/09/2026 12:13
c60b460b-7f53-444a-aa6c-3db70bb66344,ann.boston,premium,47.2,21.24,high,low,3,namesilo,,,
1ea595bc-7cba-4b75-ab94-85590270b3b1,mentioned.boston,available,23.49,23.49,medium,low,9,namesilo,,,
ca7fb03d-2429-48fe-b80c-dce91edebf52,bites.boston,available,18.88,18.88,medium,low,5,spaceship,,,28/09/2026 13:24
5cdb2b0d-cc71-470f-90d1-17247871cc6f,concentration.boston,available,18.88,18.88,high,low,13,spaceship,,,27/09/2026 21:44
6dad3e9a-80d5-484c-bc7d-bc683dd3b8d9,gull.boston,available,23.49,23.49,high,low,4,namesilo,,,12/08/2026 15:08
c60a5a86-924b-446f-b601-c3f439d5083a,variously.boston,available,23.49,23.49,medium,low,9,namesilo,,,14/09/2026 13:23
098a8a6a-60de-4b35-a99a-b27f144a649b,roderick.boston,available,24.98,30.98,medium,low,8,namecheap,,,28/09/2026 07:48
10863563-39f7-40dd-bf68-5455f9947222,astreus.boston,available,23.49,23.49,medium,low,7,namesilo,,,20/09/2026 17:34
e4976162-a3e2-4d4e-969f-b3f33edc2530,attentive.boston,available,23.49,23.49,high,low,9,namesilo,,,22/09/2026 11:22
3f6853fc-6d0c-4ed2-8d05-a8bb4765b926,drily.boston,available,23.49,23.49,medium,low,5,namesilo,,,14/09/2026 14:23
969bcc0c-86b6-40fc-becb-43888345b0b5,large.boston,available,18.88,18.88,high,low,5,spaceship,,,28/09/2026 08:32
a0dc6b5f-0ed7-4f73-b093-3a675b684e89,harmful.boston,available,23.49,23.49,medium,low,7,namesilo,,,08/09/2026 09:32
518ebe07-39ee-4c20-aeaf-44615fddabbc,tortious.boston,available,24.98,30.98,medium,low,8,namecheap,,,11/09/2026 17:59
7fb56f15-0796-4b08-9482-fc0cfb882360,inmost.boston,available,23.49,23.49,medium,low,6,namesilo,,,22/08/2026 05:51
f76df39d-8e43-4f75-a0b5-7a32177d0b4d,uncoated.boston,available,23.49,23.49,medium,low,8,namesilo,,,12/09/2026 05:35
760208ce-2f0a-4d8c-8298-4f3414b47daf,windless.boston,available,23.49,23.49,medium,low,8,namesilo,,,13/09/2026 12:14
f16ce9cd-ba7e-41b8-9e97-f81b17978801,contagious.boston,available,24.98,30.98,high,low,10,namecheap,,,11/08/2026 21:18
e2274981-7bce-45c6-baf2-2473ed3ef61d,unrivalled.boston,available,23.49,23.49,high,low,10,namesilo,,,24/08/2026 17:08
24688100-9aa2-47a2-a008-006614cd8476,rsa.boston,premium,47.2,21.24,high,low,3,namesilo,,,29/09/2026 03:45
13d2c605-23cf-4d3e-83f8-ffc66b33f401,partners.boston,premium,96,21.24,high,low,8,namesilo,,,
7dfcc9ef-4367-4c06-aba8-4470932ddfce,explicable.boston,available,24.98,30.98,medium,low,10,namecheap,,,17/08/2026 18:23
1e939fa8-3ead-4a6a-9eb1-a50ff2e6a8b6,nothing.boston,available,23.49,23.49,high,low,7,namesilo,,,27/09/2026 06:36
267151d1-3245-4d0c-80b1-ac3691eb1749,macarthur.boston,available,24.98,30.98,high,low,9,namecheap,,,25/09/2026 20:07
54f909f8-994e-4f28-8017-63743dc70ae0,zovirax.boston,available,23.49,23.49,medium,low,7,namesilo,,,17/09/2026 05:42
9e370fa3-0db0-411b-bb53-30ea286dd653,ankara.boston,available,23.49,23.49,high,low,6,namesilo,,,19/09/2026 07:05
63e2ae62-16c8-46ed-bad0-8f9667183fcf,federico.boston,available,24.5,,medium,low,8,unstoppable,,,28/09/2026 07:57
6757d723-5847-4cc4-9593-a9ec860186db,bodyguard.boston,available,24.98,30.98,high,low,9,namecheap,,,24/09/2026 06:33
77eb910c-090f-4444-82e1-ea9d62a8dc8f,katz.boston,available,23.49,23.49,high,low,4,namesilo,,,25/09/2026 15:43
e1db3d9a-c9a0-424c-8acc-330be2cf652f,maidenly.boston,available,23.49,23.49,medium,low,8,namesilo,,,24/08/2026 13:14
d2397c1c-9109-4f5b-af7d-23e2dd1c6f0f,xci.boston,premium,50,30.99,medium,low,3,name.com,,,
bf7eee54-d4b6-4687-933e-1e29239e5e6d,functional.boston,available,24.5,23.49,high,low,10,unstoppable,,,28/09/2026 13:05
d1ba18f5-cd53-4333-8ff1-058c40261e57,painful.boston,available,23.49,23.49,high,low,7,namesilo,,,
2c09ee4d-99c7-4f79-9513-06b1ab09aadf,kelly.boston,premium,96,21.24,high,low,5,namesilo,,,25/09/2026 05:33
7227971b-c131-49e7-9b55-2b8cf895dbed,anonymity.boston,available,23.49,23.49,high,low,9,namesilo,,,19/09/2026 11:38
83b72aed-8c7b-4c0d-8f5a-585631e2e961,colombo.boston,available,23.49,23.49,high,low,7,namesilo,,,
cc96211a-b528-4568-9753-50d7a651a516,thieves.boston,available,23.49,23.49,medium,low,7,namesilo,,,16/09/2026 11:41
22132902-0d88-445a-be7f-07fff4f25ece,bonhomie.boston,available,23.49,23.49,high,low,8,namesilo,,,17/09/2026 13:57
dfbb31dd-7a9d-4b47-aaea-899269229f88,behind.boston,available,24.98,30.98,high,low,6,namecheap,,,22/09/2026 18:54
f89db173-5727-4505-b557-691cdd335b97,sued.boston,available,23.49,23.49,low,low,4,namesilo,,,
4b83cc6a-fd99-4606-990b-2200f47cc3b6,dancer.boston,premium,242,21.24,high,low,6,namesilo,,,11/09/2026 11:54
fa52b676-08e8-4247-8ac3-f2218660d3ca,flush.boston,available,23.49,23.49,high,low,5,namesilo,,,
5bb158e3-d211-46a1-88f9-c2726939ddda,surrounded.boston,available,23.49,23.49,high,low,10,namesilo,,,16/08/2026 22:16
f575f73e-e171-4f53-b67a-0fd70819c9a5,usual.boston,available,23.49,23.49,high,low,5,namesilo,,,28/09/2026 10:03
6bf09547-25ad-4037-8185-4441df563d9b,jailhouse.boston,available,23.49,23.49,medium,low,9,namesilo,,,08/09/2026 22:44
49d60189-75fa-47c0-8c01-3a786649a75d,belted.boston,available,23.49,23.49,medium,low,6,namesilo,,,09/08/2026 14:02
a3e82417-a637-4c80-a519-c637274715c3,niece.boston,available,23.49,23.49,high,low,5,namesilo,,,
d3759015-225c-425e-a26b-ec763d6150ac,apt.boston,resell,,,high,low,3,"NameCheap, Inc.",24/11/2021 04:23,24/11/2026 04:23,26/09/2026 03:57
df700c5f-77f8-40df-a520-ff58d2d8caf1,lord.boston,available,24.98,30.98,high,low,4,namecheap,,,22/09/2026 01:47
be0b16a0-ba97-4386-b5b2-3a11e2b469ce,adventitia.boston,available,24.98,30.98,medium,low,10,namecheap,,,17/09/2026 10:36
e652e48a-f9ee-4e37-a6f9-9a5454705667,laminar.boston,available,24.98,30.98,high,low,7,namecheap,,,22/08/2026 19:07
fe10134d-2edd-4fb8-89af-09a190dfdee6,motorized.boston,available,23.49,23.49,high,low,9,namesilo,,,24/08/2026 18:45
208b3b9b-3bd2-4617-aae7-436df5238077,dimorphic.boston,available,23.49,23.49,medium,low,9,namesilo,,,14/08/2026 08:09
3860cc50-e106-4726-bc0d-8e31602ed162,homelike.boston,available,23.49,23.49,high,low,8,namesilo,,,21/08/2026 11:03
9411360f-a7af-4389-8663-89831aa4a066,persuasive.boston,available,24.98,30.98,high,low,10,namecheap,,,08/09/2026 18:05
dc55ebc8-ac9c-4b1d-8233-ad3162d026c7,prolate.boston,available,24.98,30.98,medium,low,7,namecheap,,,15/08/2026 18:52
4e8d6170-edb6-40e8-98aa-b1734b4358a1,crescent.boston,available,23.49,23.49,high,low,8,namesilo,,,13/08/2026 06:14
1db27db8-8dba-4265-91bc-e1e648e8166d,dai.boston,premium,47.2,21.24,high,low,3,namesilo,,,26/09/2026 00:53
a267fcb0-4eb5-4e28-94c7-e97525af15d3,effects.boston,available,23.49,23.49,high,low,7,namesilo,,,27/09/2026 03:49
c59d3ac7-f921-4329-bba4-163e460c0048,angas.boston,available,23.49,23.49,medium,low,5,namesilo,,,19/09/2026 05:46
4b0157b1-44eb-4294-95d5-2f9ec925fcb3,sabotage.boston,available,23.49,23.49,medium,low,8,namesilo,,,28/09/2026 13:47
13344732-beb2-4b22-928d-93c8218318a4,tewkesbury.boston,available,23.49,23.49,medium,low,10,namesilo,,,22/09/2026 16:07
9648968c-e9f2-47c2-a82a-c05ba71c2b75,novgorod.boston,available,23.49,23.49,medium,low,8,namesilo,,,28/09/2026 10:35
e2c8263f-f060-463c-9fac-701a10683e8f,fight.boston,premium,52,23.4,high,low,5,namecheap,,,24/09/2026 17:58
330927d4-75f9-45e4-b5cc-5260f2d13e8a,nondrinker.boston,available,23.49,23.49,medium,low,10,namesilo,,,
22c57a42-5de0-4796-ac02-c0d7f1cd2971,crowned.boston,available,23.49,23.49,high,low,7,namesilo,,,13/08/2026 08:34
d80638bd-ceaf-4ca3-b3da-69f331a6ef68,fruity.boston,available,24.98,30.98,high,low,6,namecheap,,,06/08/2026 21:00
246280b6-f383-42d6-b39c-2d388973ddcb,antidote.boston,available,24.98,30.98,high,low,8,namecheap,,,19/09/2026 14:20
d7ce86e0-7649-4312-b416-e5f71e197d3f,amnesia.boston,available,23.49,23.49,high,low,7,namesilo,,,18/09/2026 22:18
1065595e-0c4c-4c88-b0ba-96f5373bf6da,nasally.boston,available,23.49,23.49,medium,low,7,namesilo,,,15/09/2026 16:10
c46b071c-084b-4760-8eef-fc1c0ff8d8f9,judged.boston,available,24.5,,medium,low,6,unstoppable,,,28/09/2026 12:50
64642eb2-d5f1-43fa-99e1-d3ea0eec07b9,bargain.boston,available,19.05,19.05,high,low,7,porkbun,,,29/09/2026 01:09
e44265e8-0a44-460b-affe-dfa37adbe552,folksy.boston,available,23.49,23.49,medium,low,6,namesilo,,,13/08/2026 04:22
6fe85e4e-f40b-4c7b-8e8a-384073c5445e,yucky.boston,available,23.49,23.49,medium,low,5,namesilo,,,14/08/2026 10:51
bbfc8799-eae1-487d-a268-293c4a236cbd,genealogic.boston,available,24.98,30.98,medium,low,10,namecheap,,,18/08/2026 21:22
68429e3c-eb87-49bd-8641-df45b512ea55,compile.boston,available,23.49,23.49,high,low,7,namesilo,,,08/09/2026 09:16
8e2297de-237f-4650-90d8-22acab28a562,nobility.boston,available,23.49,23.49,high,low,8,namesilo,,,20/09/2026 05:50
038059ca-b2c2-424e-9672-904d5e2e1d1a,supplicant.boston,available,23.49,23.49,medium,low,10,namesilo,,,11/09/2026 03:28
d893b002-b3b5-4442-8769-039a71339254,hellish.boston,available,23.49,23.49,medium,low,7,namesilo,,,09/08/2026 04:59
08c8b4a3-435b-46dc-93cf-710c5eeebeb5,noodles.boston,premium,88,19.48,medium,low,7,dynadot,,,28/09/2026 17:23
194c3377-6450-48b2-9cbc-b694cfa92884,boyle.boston,available,24.98,30.98,high,low,5,namecheap,,,25/09/2026 02:02
c47f8e45-93fe-4ac2-8a5c-ccf0dfc89fb1,clipboards.boston,available,23.49,23.49,medium,low,10,namesilo,,,20/09/2026 11:59
18e1f2fc-0248-4c36-864e-2acee4517d96,satisfies.boston,available,23.49,23.49,medium,low,9,namesilo,,,20/09/2026 14:54
4c88d4b0-8e91-425d-96cc-ad3e9d09029d,bat.boston,premium,52,23.4,high,low,3,namecheap,,,20/09/2026 18:59
22e29f9a-e3ab-4b2e-8a33-34b3275b1a49,vocabulary.boston,available,18.88,18.88,high,low,10,spaceship,,,28/09/2026 14:42
c2abfd2c-7809-41d2-8af1-9e2891c45a61,baldwin.boston,available,23.49,23.49,high,low,7,namesilo,,,16/09/2026 12:19
472bd81a-1574-47a4-baa1-f8393ec868d4,anglerfish.boston,available,23.49,23.49,medium,low,10,namesilo,,,18/09/2026 11:41
5489a54e-d402-4b76-8f77-62d1e7a55215,orthoptic.boston,available,24.98,30.98,medium,low,9,namecheap,,,04/09/2026 18:06
c021ea5f-f81b-4279-a2ef-af63e97a10bb,stereotype.boston,available,30.98,,high,low,10,namecheap,,,
c9745b6a-b16e-48c4-8fd4-bf211c53ca68,bartok.boston,available,23.49,23.49,medium,low,6,namesilo,,,22/09/2026 09:23
f93892d2-d967-492a-afdf-3cf46b24357d,structurally.boston,available,24.98,30.98,medium,low,12,namecheap,,,17/09/2026 20:10
f2ba05b2-d0ab-4716-ad4c-8521ccdc2e48,swagger.boston,available,23.49,23.49,high,low,7,namesilo,,,11/09/2026 04:59
d4356cf8-dcba-4f8a-8774-a45a91039370,chopped.boston,available,23.49,23.49,high,low,7,namesilo,,,12/08/2026 06:57
d558eb93-0d69-42b4-9d3e-f18821c614b1,frankish.boston,available,23.49,23.49,medium,low,8,namesilo,,,18/08/2026 14:14
865be30d-e587-41b1-937e-f6b7d7621e17,explode.boston,available,23.49,23.49,high,low,7,namesilo,,,27/09/2026 16:32
1e05e646-9cef-46fc-8d8a-8df3a02f812b,lowest.boston,available,24.98,30.98,medium,low,6,namecheap,,,22/08/2026 20:22
f037e09a-ee1d-4a1a-9624-c68cb39d2528,diverted.boston,available,24.98,30.98,high,low,8,namecheap,,,
c5ac6fb0-43c0-4213-84fa-c602d77fb09b,piscatory.boston,available,24.98,30.98,high,medium,9,namecheap,,,08/09/2026 19:59
d1e857db-6823-4038-ad31-90af821787c0,fda.boston,premium,50,30.99,high,low,3,name.com,,,25/09/2026 05:55
f335a71e-8914-4b13-932f-c057596592f2,poof.boston,available,23.49,23.49,medium,low,4,namesilo,,,09/09/2026 08:09
e6c0856b-a619-4299-b4a8-7096a6d02dcc,kurt.boston,available,30.99,30.99,high,low,4,name.com,,,25/09/2026 13:27
459ee450-46be-49b1-aff0-f5104129967d,binocular.boston,available,24.98,30.98,high,low,9,namecheap,,,10/08/2026 00:15
ac12176f-4575-4e97-862f-49b026e7f184,bittie.boston,available,23.49,23.49,medium,low,6,namesilo,,,10/08/2026 07:56
1b579195-f327-4d37-a9f1-bae935d5e8e2,avaritia.boston,available,23.49,23.49,medium,low,8,namesilo,,,21/09/2026 08:46
6100c8fc-c98b-4c27-9cf5-1fba43746745,geneva.boston,available,19.48,19.48,high,low,6,dynadot,,,28/09/2026 09:52
c6b127b2-5bfd-4046-89f2-d17bb47cf6f9,catenulate.boston,available,24.98,30.98,medium,low,10,namecheap,,,11/08/2026 21:32
df90a9a0-a65f-4797-a79d-2893fb8e335e,andesite.boston,available,23.49,23.49,medium,low,8,namesilo,,,19/09/2026 04:04
f8a31ec0-c7cd-4a77-b503-0e1009631a16,willingly.boston,available,23.49,23.49,medium,low,9,namesilo,,,16/09/2026 11:08
24ae0870-6107-43e2-8c07-b63bd4a3d0a2,leaving.boston,available,24.98,30.98,high,low,7,namecheap,,,24/09/2026 22:37
a8396d87-353c-4f24-a6d6-21e7541cb4cb,intimate.boston,available,23.49,23.49,high,low,8,namesilo,,,25/09/2026 10:27
cde55fc0-431d-4ac0-9f64-d56338f6b0fc,earned.boston,available,23.49,23.49,high,low,6,namesilo,,,24/09/2026 12:59
e2a14a30-863e-4955-a823-7dcfdcddeee2,xavier.boston,premium,47.2,21.24,high,low,6,namesilo,,,25/09/2026 10:30
1610cb57-7bb6-4b8f-8014-18951d6c3c39,sent.boston,available,23.49,23.49,high,low,4,namesilo,,,19/09/2026 16:10
721b32fe-3eca-4ca9-8092-fdf67dd350fb,abductor.boston,available,24.98,30.98,medium,low,8,namecheap,,,16/09/2026 14:54
42ff052b-704d-4a61-af7b-c1a05a2672bd,neuronal.boston,available,23.49,23.49,medium,low,8,namesilo,,,03/09/2026 16:20
57fa3039-a358-40db-ad47-1000d255d9c2,agnate.boston,available,23.49,23.49,medium,low,6,namesilo,,,
4137aa45-22e2-477c-9cbd-05afcfcf60d1,young.boston,available,18.88,18.88,high,low,5,spaceship,,,28/09/2026 09:49
8a1a5e8d-2537-4da5-91fc-bd9090ddd41f,concretely.boston,available,23.49,23.49,medium,low,10,namesilo,,,14/09/2026 08:12
b83bc9f6-4817-493f-bb42-33224db7811b,bonefish.boston,available,23.49,23.49,high,low,8,namesilo,,,18/09/2026 03:25
ed1e737b-b4ca-485c-85e3-b26afe52c238,tuneful.boston,available,23.49,23.49,high,low,7,namesilo,,,24/08/2026 19:43
aca32806-35a6-4fdf-8095-088a717d56d6,clerk.boston,available,,,high,low,5,,,,
7d881c2f-9c35-415b-9321-b8093a7c7688,untaught.boston,available,24.98,30.98,medium,low,8,namecheap,,,12/09/2026 18:56
eb382e36-a0cc-45ea-ac49-14cf82e6a756,spirea.boston,available,23.49,23.49,medium,low,6,namesilo,,,20/09/2026 17:27
fb9affd0-4af1-4e92-9b6d-9f3f096d3455,acherontic.boston,available,23.49,23.49,medium,low,10,namesilo,,,
5521a012-ef92-470d-8322-6114ede1c489,frigid.boston,available,23.49,23.49,medium,low,6,namesilo,,,18/08/2026 15:46
954115f5-429e-4d62-901c-9487824ed450,samples.boston,available,30.99,30.99,medium,low,7,name.com,,,20/09/2026 18:39
d7d89795-9de9-4903-89d4-98daacc8a4e3,holocene.boston,available,23.49,23.49,medium,low,8,namesilo,,,09/09/2026 11:21
9790809d-77f2-4250-9011-f816cdec4da0,impulsive.boston,available,23.49,23.49,high,low,9,namesilo,,,11/08/2026 01:34
ddff8dfa-cd30-478b-b906-7230d30e52bb,erogenous.boston,available,23.49,23.49,medium,low,9,namesilo,,,17/08/2026 12:28
6792b0d5-e5fb-4d9f-aac3-00081024d6e2,romansh.boston,available,23.49,23.49,high,medium,7,namesilo,,,09/09/2026 18:31
bb44b7b7-a253-4e61-8db3-f092eb8c93fa,acrylic.boston,available,23.49,23.49,high,low,7,namesilo,,,17/09/2026 04:05
55817d6e-ee74-49ce-b178-5741c8d3e9bb,jarvis.boston,available,23.49,23.49,high,medium,6,namesilo,,,27/09/2026 01:43
6ebe18c9-afbf-4aaf-aaa3-cc28aff97856,arranger.boston,available,23.49,23.49,high,low,8,namesilo,,,17/09/2026 06:29
76dabcf9-1c25-42cc-a339-a24571187c3e,gallatin.boston,available,18.2,18.2,medium,low,8,cloudflare,,,28/09/2026 22:22
e4493314-2c5c-4366-865a-85d28318e174,jared.boston,available,23.49,23.49,high,low,5,namesilo,,,27/09/2026 11:10
c30b3ab2-eb75-4ba5-9dba-fd3d4ab76537,epochal.boston,available,23.49,23.49,high,low,7,namesilo,,,17/08/2026 11:24
560d4446-5b2f-4e7d-a9f6-6c5584db79eb,disposed.boston,available,23.49,23.49,high,low,8,namesilo,,,
859a2894-a2de-4ecf-ac66-eb0de7aa7bb9,probing.boston,available,23.49,23.49,high,low,7,namesilo,,,22/08/2026 06:21
2c89fe0f-8436-4e2d-b5fc-fc2efb72e534,interpret.boston,available,23.49,23.49,high,low,9,namesilo,,,
a082be9b-a787-4cb7-82ab-ae61e288e03b,gripping.boston,available,23.49,23.49,high,low,8,namesilo,,,21/09/2026 15:05
3f0d8e68-0531-4dac-97c7-81939dc952c5,earthbound.boston,available,23.49,23.49,high,low,10,namesilo,,,14/08/2026 22:37
91c51e2d-902e-4a14-938c-4f19d59b904d,balance.boston,premium,96,21.24,high,low,7,namesilo,,,27/09/2026 12:05
0b9c7a6f-3246-46b6-a19d-22462b3b230d,mcintosh.boston,available,24.98,30.98,high,low,8,namecheap,,,27/09/2026 04:44
4c103b8e-adbd-4c01-be4f-a87b9afa7582,arizonan.boston,available,23.49,23.49,medium,low,8,namesilo,,,20/09/2026 06:05
bf540f7e-d61d-4401-95d0-9043847f26e2,lucille.boston,available,18.2,18.2,medium,low,7,cloudflare,,,28/09/2026 21:59
0a897f33-c3c8-4bcc-b748-c10e67820a98,modigliani.boston,available,24.98,30.98,high,low,10,namecheap,,,18/09/2026 17:54
2679a637-1223-4550-8f7d-d3d6ffbce6c6,eldest.boston,available,23.49,23.49,high,low,6,namesilo,,,16/08/2026 02:19
3e42811d-67f0-460e-b776-cc9689b6a8e0,marshal.boston,available,18.88,18.88,high,low,7,spaceship,,,28/09/2026 19:50
eaf853ea-ff7a-4977-9919-a9253bab4a4a,addled.boston,available,23.49,23.49,medium,low,6,namesilo,,,
40dd061a-9693-4f5d-b390-4417cd860b21,venturous.boston,available,30.99,30.99,medium,low,9,name.com,,,13/08/2026 17:49
7b768fe8-79fa-49c0-9846-3ea36eba16e0,thornless.boston,available,23.49,23.49,medium,low,9,namesilo,,,11/09/2026 14:08
ae7a0e6a-b53e-4b26-bf9d-d8f49fa72b1d,joewood.boston,available,23.49,23.49,medium,low,7,namesilo,,,22/09/2026 04:36
46f1308c-9794-4674-b627-01cceb42af95,amalgam.boston,available,23.49,23.49,high,low,7,namesilo,,,18/09/2026 15:38
e6d1916c-89a5-42da-8914-b53c04551884,semifinal.boston,available,23.49,23.49,high,low,10,namesilo,,,16/09/2026 09:45
e79260e6-c3a0-4ebf-836a-ecaabe3bbc4f,crap.boston,available,23.49,23.49,medium,low,4,namesilo,,,
a050d5f0-d5a2-4f2b-aa4b-0a92b47ff65f,leaks.boston,available,23.49,23.49,medium,low,5,namesilo,,,18/09/2026 06:46
5fb2d7d4-b3b3-4135-bf26-8b5d3d936b44,disharmony.boston,available,23.49,23.49,medium,low,10,namesilo,,,24/09/2026 22:38
bc02ef9d-a7ad-47b9-9338-d2b0741d425d,fool.boston,available,23.49,23.49,medium,low,4,namesilo,,,12/08/2026 15:15
25317879-feac-4b6b-9c52-2e7f1b817c9d,alkaline.boston,available,23.49,23.49,high,low,8,namesilo,,,22/09/2026 00:14
a7abf4ab-d222-45f1-8ffd-56a05afafa75,kilkenny.boston,available,23.49,23.49,medium,low,8,namesilo,,,29/09/2026 03:59
cd4b3f06-3b1a-4586-b1b7-e2a6835dc7d5,smallish.boston,available,23.49,23.49,medium,low,8,namesilo,,,10/09/2026 11:46
be8b1212-b2a9-48cd-ba0f-9f2916b38540,amulet.boston,available,23.49,23.49,high,low,6,namesilo,,,19/09/2026 00:10
beb03b3a-bc68-46db-8d86-738663fb37c1,pleased.boston,available,24.98,30.98,high,low,7,namecheap,,,27/09/2026 04:08
ccf46422-3b1f-4199-ae9f-d4f0e04ec25f,hinault.boston,available,23.49,23.49,medium,low,7,namesilo,,,23/09/2026 09:48
6b225b21-2959-4f3d-8741-db9717e1010d,hypo.boston,available,23.49,23.49,high,low,4,namesilo,,,21/08/2026 17:15
8f74e51e-1f29-4f1b-b8ea-4b41cfd37440,pretence.boston,available,23.49,23.49,medium,low,8,namesilo,,,25/09/2026 16:31
1afe08b0-03d3-4e64-a48b-169be553415e,numerical.boston,available,23.49,23.49,medium,low,9,namesilo,,,03/09/2026 22:52
2bcd5c1f-4fbb-4b58-a18a-7e028b917ebb,guarneri.boston,available,23.49,23.49,medium,low,8,namesilo,,,19/09/2026 04:22
ac43157e-4cb1-4b62-969d-a3d41d06d604,clawed.boston,available,23.49,23.49,medium,low,6,namesilo,,,12/08/2026 10:02
fffe4b0f-96ae-4e31-9a42-ab1bed6ea03e,gari.boston,available,23.49,23.49,high,low,4,namesilo,,,23/09/2026 22:55
28c9e141-593a-4f3c-9faa-b650bdd23d66,fecal.boston,available,23.49,23.49,medium,low,5,namesilo,,,17/08/2026 20:38
693c45cd-54ee-452b-b3ab-fc328160b342,materials.boston,available,23.49,23.49,medium,low,9,namesilo,,,28/09/2026 12:42
4862970b-813a-4770-8bd3-e1d2fd82d54d,middletown.boston,available,18.2,18.2,high,low,10,cloudflare,,,27/09/2026 21:20
7ca3522c-49c5-4a5c-8b48-2204bc0318d6,heritable.boston,available,23.49,23.49,high,low,9,namesilo,,,21/08/2026 07:08
1aeb46d5-3e80-4071-85e0-06f3b7ab5966,yunnan.boston,available,18.88,18.88,high,low,6,spaceship,,,28/09/2026 06:53
38f5547c-4d01-440a-98d0-830f76b5cadc,storage.boston,premium,512,21.24,high,medium,7,namesilo,,,28/09/2026 06:24
fb5dae28-2872-4a78-9a6d-253b5df4ceda,downside.boston,available,23.49,23.49,medium,low,8,namesilo,,,24/09/2026 23:40
8972740f-6593-48df-be45-e5eb37a899af,burly.boston,available,23.49,23.49,medium,low,5,namesilo,,,09/08/2026 07:54
13b178b7-4dd7-43ca-9a28-ba97e6c89c46,fated.boston,available,23.49,23.49,medium,low,5,namesilo,,,17/08/2026 23:32
236fc914-be4b-4e7f-942a-78fa50ab309b,blackhead.boston,available,24.98,30.98,medium,low,9,namecheap,,,24/09/2026 02:47
0c944ac2-bfee-4526-b9b8-a7dfe800a0a1,sedentary.boston,available,23.49,23.49,medium,low,9,namesilo,,,10/09/2026 01:36
d48292db-01ad-48c3-ab8b-8e43cc3d0437,newport.boston,available,24.5,,high,low,7,unstoppable,,,28/09/2026 02:29
52b4252c-3e2b-4a1a-bb41-f081585513ff,worm.boston,available,23.49,23.49,high,low,4,namesilo,,,
d6dfdfc3-da0e-4a05-844c-4e4e247ed12e,sculptural.boston,available,23.49,23.49,medium,low,10,namesilo,,,25/08/2026 02:53
d43b6a40-f5ce-406b-bd12-b8b733405001,implausible.boston,available,23.49,23.49,medium,low,11,namesilo,,,
5e3182b7-c13f-4e72-9536-638ab6f187e8,ghetto.boston,available,18.88,18.88,high,low,6,spaceship,,,27/09/2026 13:47
3c167390-9144-4605-8099-7727991ac354,mussolini.boston,available,24.98,30.98,high,low,9,namecheap,,,23/09/2026 08:12
185ee2c4-dd7a-4481-8025-a88fec64115c,idk.boston,premium,47.2,21.24,medium,low,3,namesilo,,,
ca604b16-7afe-44ec-a55a-60e9525009b4,tortrix.boston,available,24.98,30.98,medium,low,7,namecheap,,,20/09/2026 05:04
e37e29b2-41fa-452e-9605-9a90e39337a9,wiley.boston,available,23.49,23.49,high,low,5,namesilo,,,27/09/2026 08:05
f395aa0b-6ac9-4fd4-9456-e6e17a3a334a,haptic.boston,available,23.49,23.49,medium,low,6,namesilo,,,21/08/2026 00:01
6be4ebf0-b935-4061-ad1f-29b2e733243c,solidus.boston,available,30.99,30.99,high,low,7,name.com,,,23/09/2026 12:18
8ba3d230-fb52-40a0-b9ac-b12ad749e72c,rubinstein.boston,available,23.49,23.49,medium,low,10,namesilo,,,19/09/2026 15:30
32c29b27-e98b-472f-938c-2d6464bb22ee,rightish.boston,available,23.49,23.49,medium,low,8,namesilo,,,09/09/2026 17:35
a17ec625-9cd4-46da-a0b0-d8bcfeadef3f,refusing.boston,available,24.98,30.98,low,low,8,namecheap,,,17/09/2026 15:40
e0c059c2-1ba6-46a8-ad25-55cb28272208,inspirational.boston,available,23.49,23.49,high,low,13,namesilo,,,
78260741-63a4-47e7-8792-d1ef5bdfb633,ixl.boston,premium,47.2,21.24,medium,low,3,namesilo,,,
fcd6dd01-6fdb-443d-9f7f-0b15c48035f1,revive.boston,resell,,,high,low,6,,,,29/09/2026 02:45
20e0be91-55eb-44ef-a2ca-441c4bd06f87,swaps.boston,available,23.49,23.49,medium,low,5,namesilo,,,18/09/2026 22:39
53c83b77-adfa-4099-854f-ad0fbcb132e2,pole.boston,available,23.49,23.49,high,low,4,namesilo,,,24/09/2026 13:25
ac853f30-6881-4f3d-9089-a2c3159968af,lemonade.boston,available,24.98,30.98,high,low,8,namecheap,,,29/09/2026 01:34
5704b080-aec9-42a9-b3a6-76ea1614e41a,fantastic.boston,available,23.49,23.49,high,medium,9,namesilo,,,22/09/2026 06:18
31603829-00af-41ef-af55-fbfe44e0acde,tales.boston,available,23.49,23.49,high,low,5,namesilo,,,18/09/2026 16:46
71eb361d-da65-4fa8-817f-2f53915351e3,earthlike.boston,available,23.49,23.49,medium,low,9,namesilo,,,14/08/2026 22:40
10031678-ca7f-4a56-b39e-e95a7ffacc13,paediatric.boston,available,23.49,23.49,medium,low,10,namesilo,,,04/09/2026 22:51
2c4bfc2f-b64e-4d3a-bb86-4ba7ab97cf93,tunas.boston,available,23.49,23.49,medium,low,5,namesilo,,,19/09/2026 22:09
6b63ef52-5877-4087-9ca3-8573971661e9,coiled.boston,available,23.49,23.49,medium,low,6,namesilo,,,12/08/2026 16:07
4c536e51-823e-449d-9e93-d000a8c33a96,directive.boston,available,23.49,23.49,high,low,9,namesilo,,,14/08/2026 08:48
c0c44ba5-c46b-4037-997f-8338d1be52f7,evidenced.boston,available,23.49,23.49,high,low,9,namesilo,,,17/08/2026 15:00
ee68ed63-cfef-47f9-af13-c50e0d415e93,arpent.boston,available,23.49,23.49,medium,low,6,namesilo,,,20/09/2026 08:38
5fe624ea-6de7-4169-96db-94f6ce456140,underbred.boston,available,23.49,23.49,high,medium,9,namesilo,,,10/08/2026 22:18
cb9048a8-289a-4a31-8328-3c841ff93fee,francisco.boston,available,24.98,30.98,high,low,9,namecheap,,,25/09/2026 18:30
86a2cbd4-798a-46e5-a8e5-5735806e204b,jumbo.boston,available,23.49,23.49,high,low,5,namesilo,,,16/08/2026 03:34
5d9dc04f-4b79-423e-8a1a-f6cc57cd590f,reception.boston,available,23.49,23.49,high,low,9,namesilo,,,
9765f779-1a36-44f2-833d-56cc41783aa2,smelling.boston,available,19.48,19.48,high,low,8,dynadot,,,27/09/2026 22:56
ce8b761d-799c-4b2c-95da-004d4e8336aa,mannish.boston,available,23.49,23.49,medium,low,7,namesilo,,,24/08/2026 15:22
06e65cd0-1c29-4dcb-b859-b0dd59c96a27,cared.boston,available,24.98,30.98,medium,low,5,namecheap,,,25/09/2026 19:49
8953af53-4512-4af3-bc38-b98781228969,roberts.boston,premium,47.2,21.24,high,low,7,namesilo,,,22/09/2026 09:19
ab36968a-ed87-4cf4-b963-b569fa719624,semantic.boston,available,23.49,23.49,high,low,8,namesilo,,,10/09/2026 02:16
b09a0a6f-8d88-472c-96d0-9ae1ae57c5c4,toughie.boston,available,23.49,23.49,high,medium,7,namesilo,,,09/09/2026 06:05
a85b0edc-88d2-4627-b4e6-db8ecd3c26f4,aerogram.boston,available,23.49,23.49,medium,low,8,namesilo,,,17/09/2026 13:04
13db0d5e-af5d-4f8c-9bd1-53f4ccde962d,expedite.boston,premium,47.2,21.24,high,low,8,namesilo,,,
e464e00b-b9de-40a8-99d4-4792ea80a79a,vector.boston,available,23.49,23.49,high,low,6,namesilo,,,
791ebc5b-b42f-473b-961c-753770512a44,unpowered.boston,available,23.49,23.49,medium,low,9,namesilo,,,12/09/2026 17:18
1f285bad-5b53-45d3-a730-93701b5d9375,wil.boston,premium,52,23.4,medium,low,3,namecheap,,,28/09/2026 21:44
dd0118e6-08a5-42b5-9ae3-bfdda604e85b,estate.boston,premium,260,23.4,high,low,6,namecheap,,,17/09/2026 02:55
e9cae16a-6c3f-4438-966d-6c4e2211df45,conservatory.boston,available,18.2,18.2,high,low,12,cloudflare,,,29/09/2026 03:18
c5bd94d9-f1d8-48ac-b237-f4d59102621b,classes.boston,premium,,,medium,low,7,,,,27/09/2026 23:47
2049d9c6-53c9-45c3-ab4a-67b3fd4fe42c,parcel.boston,available,24.98,30.98,high,low,6,namecheap,,,24/09/2026 11:15
1cba0d6e-e821-486e-aff8-f65f1de47d98,nationwide.boston,premium,47.2,21.24,high,medium,10,namesilo,,,24/09/2026 00:32
f0690b82-209b-41ac-8911-2856af0f7de0,aesthesis.boston,available,23.49,23.49,medium,low,9,namesilo,,,17/09/2026 13:32
f1c3d53c-1338-42d0-ab30-2a8fa49648e6,known.boston,available,23.49,23.49,high,low,5,namesilo,,,25/09/2026 12:59
963cd7df-58fa-4bd6-9bc8-4b5d23ead61c,gimcrack.boston,available,23.49,23.49,medium,low,8,namesilo,,,18/08/2026 06:39
860e86cc-1402-46cc-8e9c-1e01b44dc02e,thatcher.boston,available,23.49,23.49,medium,low,8,namesilo,,,22/09/2026 07:26
873234c2-38fb-4ede-93a4-9954eee6cfc2,freakish.boston,available,23.49,23.49,high,low,8,namesilo,,,10/08/2026 09:56
f3f134fa-8127-47b4-9035-35c9d1fd625d,concordant.boston,available,24.98,30.98,high,low,10,namecheap,,,12/08/2026 20:16
8cd7de4f-a090-4090-b465-9507b1259a0c,arithmancy.boston,available,23.49,23.49,medium,low,10,namesilo,,,20/09/2026 06:00
d9c9587f-8ca2-4cbd-b86f-fd70082c308c,urbanely.boston,available,23.49,23.49,medium,low,8,namesilo,,,16/09/2026 10:27
efd1aaa1-0baf-4a58-901e-1485d4f62471,biological.boston,available,30.99,30.99,high,low,10,name.com,,,22/09/2026 20:55
00bef471-7836-4da9-bfb9-84984bd226ab,holmium.boston,available,23.49,23.49,medium,low,7,namesilo,,,20/09/2026 23:31
971f8562-65b9-48d4-9df4-eb103337fa70,rensselaer.boston,available,18.88,18.88,high,low,10,spaceship,,,28/09/2026 04:19
906b436d-ba5f-4ab0-b6cf-656857e06ded,champion.boston,premium,47.2,21.24,high,low,8,namesilo,,,21/09/2026 17:32
bf854409-96a5-4a7e-a7aa-36a7281450c6,transcript.boston,available,23.49,23.49,high,low,10,namesilo,,,25/09/2026 22:18
46bba7b3-a92d-4502-b119-9cd2b78b45ed,decent.boston,available,23.49,23.49,high,low,6,namesilo,,,09/08/2026 06:17
d189d9d7-050e-4d69-86df-90ff34c68790,sunset.boston,available,35.99,35.99,high,low,6,godaddy,,,28/09/2026 01:58
a5c331ee-534b-4dda-9eb7-f8aa96370793,umbilical.boston,available,23.49,23.49,high,low,9,namesilo,,,11/09/2026 23:00
db5c20a6-d3ec-4bd8-85bc-f5ca866397b6,curie.boston,available,23.49,23.49,high,low,5,namesilo,,,12/08/2026 08:00
36b6dd4d-1ccc-467c-a04a-04d3c2917ce5,bale.boston,available,23.49,23.49,medium,low,4,namesilo,,,21/09/2026 21:49
fc31410f-744b-4abe-8282-9dc4db8245ce,tenths.boston,available,24.98,30.98,medium,low,6,namecheap,,,20/09/2026 23:51
9a18e39e-f3b1-4d6b-8029-f8c40996c230,tiring.boston,available,23.49,23.49,medium,low,6,namesilo,,,11/09/2026 16:24
9e6f957d-58d8-4dc0-9873-0d702b270675,specks.boston,available,23.49,23.49,medium,low,6,namesilo,,,20/09/2026 10:46
53490d73-0e8b-48ee-86f6-34b43e5a0adc,requester.boston,available,23.49,23.49,medium,low,9,namesilo,,,11/09/2026 03:33
bf7b4aa6-f67d-4091-a0de-510d49c69504,did.boston,premium,47.2,21.24,high,low,3,namesilo,,,
bb0d8b29-4c06-4269-a130-a4cc35d983ba,loveless.boston,available,23.49,23.49,medium,low,8,namesilo,,,24/08/2026 10:09
4ef93ecf-aabe-488f-8e9d-b84fd422dcd2,seeger.boston,available,23.49,23.49,high,low,6,namesilo,,,18/09/2026 01:49
5b02fc4e-a8a4-47ce-8309-cb778c371cf2,hannah.boston,premium,47.2,21.24,high,low,6,namesilo,,,25/09/2026 11:24
2c8682c2-ad75-4d19-87fb-1a2bb77c70bf,outspoken.boston,available,23.49,23.49,high,low,9,namesilo,,,11/08/2026 16:45
b5acc3be-c6d7-4a72-89bb-d41774780836,taxonomic.boston,available,23.49,23.49,medium,low,9,namesilo,,,11/09/2026 09:30
91483ad4-3608-443c-bfb7-b88b6b61e5f3,moody.boston,available,23.49,23.49,high,low,5,namesilo,,,20/08/2026 14:59
ad21c2c0-645c-4257-a1f1-b24e8db8dd36,rus.boston,premium,44,19.48,high,low,3,dynadot,,,28/09/2026 10:52
05d758c9-645c-4db7-87e1-4ae2c16aaf2a,losing.boston,available,23.49,23.49,high,low,6,namesilo,,,25/09/2026 11:49
c4284941-8e6c-4e9a-9315-b8cce2581524,synoptic.boston,available,23.49,23.49,high,low,8,namesilo,,,11/09/2026 06:33
13e4613e-2fe3-42fa-8c30-8ca16c927e19,fueled.boston,available,23.49,23.49,medium,low,6,namesilo,,,18/08/2026 17:37
26308faf-7ab4-459e-a576-ea85683d76e2,estes.boston,available,23.49,23.49,medium,low,5,namesilo,,,28/09/2026 22:16